Customer_ID,Latest_Claim_Date,Frequency,Monetary,Avg_Risk_Score,Any_Fraud,Customer_Name,Customer_Age,Customer_Gender,Customer_Income,Recency,R_Score,F_Score,M_Score,RFM_Score,Customer_Segment
C00001,2025-03-11,6,830212.0,30.833333333333332,1,Michael Miller,49.0,Female,45712.97163947264,286,3,5,5,13,High Fraud Risk
C00003,2025-09-18,2,402425.0,35.0,1,John Wilson,27.0,Male,66196.41420454055,95,5,3,3,11,High Fraud Risk
C00004,2024-04-12,4,1031417.0,32.5,1,Karen Anderson,41.0,Male,114403.3833317924,619,2,5,5,12,High Fraud Risk
C00005,2024-11-08,4,869136.0,32.5,1,Christopher Martin,34.0,Female,22669.2676585388,409,3,5,5,13,High Fraud Risk
C00006,2024-02-23,2,374907.0,35.0,1,William Anderson,53.0,Male,47314.28304621194,668,2,3,2,7,High Fraud Risk
C00007,2023-03-23,2,125006.0,22.5,1,Richard Thomas,46.0,Female,46456.76576975777,1005,1,3,1,5,High Fraud Risk
C00009,2023-12-20,2,466619.0,30.0,0,Joseph Jones,38.0,Male,82968.91418393509,733,2,3,3,8,At Risk
C00010,2025-08-01,3,570552.0,31.666666666666668,0,Sarah Lopez,59.0,Female,53503.37232982755,143,4,5,3,12,High Value
C00011,2024-12-27,3,699896.0,30.0,0,Mary Jackson,61.0,Male,39469.6940117788,360,3,5,4,12,VIP
C00012,2025-01-11,6,1245251.0,33.333333333333336,1,William Brown,38.0,Female,43003.11261070416,345,3,5,5,13,High Fraud Risk
C00013,2023-08-02,3,433050.0,35.0,1,Nancy Smith,49.0,Male,34465.02848359381,873,1,5,3,9,High Fraud Risk
C00014,2022-11-15,4,805181.0,27.5,1,Michael Davis,54.0,Female,28472.15686031501,1133,1,5,5,11,High Fraud Risk
C00015,2025-06-04,2,419605.0,35.0,0,Elizabeth Gonzalez,59.0,Male,55720.22311548982,201,4,3,3,10,High Value
C00016,2025-10-15,5,692734.0,33.0,0,Richard Wilson,66.0,Male,79185.41652170414,68,5,5,4,14,VIP
C00017,2025-06-18,5,1125683.0,33.0,0,Jane Lopez,48.0,Female,75417.30387773934,187,4,5,5,14,VIP
C00018,2025-11-28,4,652444.0,32.5,0,Charles Rodriguez,43.0,Male,53977.92608821423,24,5,5,4,14,VIP
C00019,2024-07-20,3,303312.0,21.666666666666668,1,Charles Davis,46.0,Female,50754.49422589915,520,2,5,2,9,High Fraud Risk
C00020,2025-03-24,3,270629.0,18.333333333333332,0,Christopher Brown,58.0,Female,28589.98792753646,273,3,5,2,10,Regular
C00021,2024-11-01,2,398384.0,35.0,1,Karen Gonzalez,71.0,Male,63958.21566925295,416,3,3,3,9,High Fraud Risk
C00022,2025-09-20,3,502229.0,31.666666666666668,1,Michael Brown,30.0,Male,49904.50157543565,93,5,5,3,13,High Fraud Risk
C00023,2023-02-19,1,290601.0,15.0,1,Nancy Miller,51.0,Male,55174.84690762915,1037,1,1,2,4,High Fraud Risk
C00024,2024-11-26,2,309235.0,35.0,0,Robert Brown,54.0,Female,81162.366501743,391,3,3,2,8,Regular
C00025,2024-12-19,3,593850.0,31.666666666666668,1,Michael Hernandez,52.0,Male,40448.89510402898,368,3,5,4,12,High Fraud Risk
C00026,2025-09-24,4,437344.0,27.5,1,Michael Jones,20.0,Male,60961.69893322764,89,5,5,3,13,High Fraud Risk
C00027,2025-03-19,3,464352.0,33.333333333333336,1,John Martin,18.0,Female,39838.27378165192,278,3,5,3,11,High Fraud Risk
C00028,2025-03-04,3,296271.0,30.0,0,John Martinez,45.0,Male,59813.99357722771,293,3,5,2,10,Regular
C00029,2025-10-04,5,1196920.0,31.0,0,Mary Miller,26.0,Female,78357.23894109552,79,5,5,5,15,VIP
C00030,2025-11-17,3,527621.0,28.333333333333332,0,Joseph Jackson,30.0,Male,69448.12555760755,35,5,5,3,13,High Value
C00032,2024-09-08,3,234185.0,31.666666666666668,1,William Hernandez,45.0,Male,44600.53537882716,470,2,5,1,8,High Fraud Risk
C00033,2025-05-16,2,522298.0,35.0,1,Jane Miller,28.0,Male,44304.76183744593,220,4,3,3,10,High Fraud Risk
C00034,2024-09-18,1,347026.0,15.0,0,Jane Hernandez,33.0,Female,41201.93797782271,460,2,1,2,5,Dormant
C00035,2024-05-19,3,580501.0,25.0,1,Karen Brown,45.0,Female,59517.49825779993,582,2,5,3,10,High Fraud Risk
C00036,2024-03-13,3,612320.0,33.333333333333336,0,Sarah Miller,18.0,Female,63729.08629538855,649,2,5,4,11,High Value
C00037,2023-07-23,3,540184.0,30.0,0,Elizabeth Taylor,29.0,Female,55118.39052651597,883,1,5,3,9,High Value
C00038,2023-05-14,2,153319.0,30.0,1,Christopher Davis,29.0,Male,89633.26804925197,953,1,3,1,5,High Fraud Risk
C00040,2025-03-29,3,801333.0,35.0,1,Nancy Johnson,27.0,Male,23960.3912483996,268,3,5,5,13,High Fraud Risk
C00041,2025-04-08,3,418177.0,28.333333333333332,0,Robert Taylor,38.0,Male,42303.94571946198,258,3,5,3,11,High Value
C00042,2025-11-27,2,251127.0,35.0,0,Nancy Garcia,49.0,Female,58995.23781101726,25,5,3,1,9,Regular
C00043,2023-04-01,1,294391.0,25.0,0,Sarah Brown,41.0,Male,35044.33636070301,996,1,1,2,4,Dormant
C00044,2025-08-06,3,783768.0,31.666666666666668,0,Jane Jones,21.0,Male,72120.1990269128,138,4,5,4,13,VIP
C00045,2024-06-05,3,691051.0,38.333333333333336,0,Nancy Martinez,22.0,Male,50315.31854267497,565,2,5,4,11,High Value
C00046,2024-04-16,4,661679.0,30.0,0,Michael Hernandez,41.0,Female,52503.58384900805,615,2,5,4,11,High Value
C00047,2025-07-09,2,580867.0,45.0,1,Jane Wilson,81.0,Male,58847.62405932829,166,4,3,4,11,High Fraud Risk
C00048,2025-06-02,2,326465.0,22.5,1,Elizabeth Moore,30.0,Male,46644.40887062228,203,4,3,2,9,High Fraud Risk
C00049,2024-05-26,3,635515.0,35.0,0,Linda Miller,36.0,Male,39704.86538614266,575,2,5,4,11,High Value
C00050,2025-10-03,4,921739.0,30.0,0,Mary Gonzalez,45.0,Female,70593.85508713461,80,5,5,5,15,VIP
C00052,2024-02-28,2,523836.0,35.0,0,Jane Martin,28.0,Female,73627.19020885896,663,2,3,3,8,At Risk
C00053,2024-05-06,5,1355243.0,33.0,0,Elizabeth Gonzalez,43.0,Male,82345.91663176255,595,2,5,5,12,VIP
C00054,2025-03-01,1,59242.0,25.0,0,Elizabeth Williams,29.0,Female,38643.94156841614,296,3,1,1,5,Regular
C00055,2025-07-11,3,592160.0,31.666666666666668,0,Joseph Gonzalez,47.0,Male,80020.92185134282,164,4,5,4,13,VIP
C00056,2024-12-07,4,431483.0,28.75,0,Jessica Hernandez,60.0,Male,71850.53898402366,380,3,5,3,11,High Value
C00057,2025-03-30,2,252838.0,30.0,0,Thomas Williams,28.0,Female,69649.4483048637,267,3,3,1,7,Regular
C00058,2022-10-27,2,439112.0,30.0,1,John Lopez,48.0,Female,35085.22442576024,1152,1,3,3,7,High Fraud Risk
C00059,2024-09-24,2,381216.0,40.0,0,Sarah Wilson,81.0,Male,75692.08575796048,454,2,3,2,7,At Risk
C00060,2023-05-07,2,398895.0,25.0,0,Joseph Taylor,41.0,Female,90079.85977165378,960,1,3,3,7,At Risk
C00061,2025-05-21,4,298481.0,17.5,0,Elizabeth Johnson,47.0,Male,56320.33327294642,215,4,5,2,11,Regular
C00062,2025-09-23,2,293805.0,35.0,0,Elizabeth Martinez,44.0,Male,36832.70621614915,90,5,3,2,10,Regular
C00063,2025-11-15,1,215539.0,15.0,0,Thomas Hernandez,59.0,Male,51367.59374563903,37,5,1,1,7,Regular
C00065,2025-05-10,6,1284956.0,38.333333333333336,1,Karen Martinez,18.0,Male,59469.72249101567,226,4,5,5,14,High Fraud Risk
C00066,2025-05-26,3,791936.0,38.333333333333336,0,Richard Moore,18.0,Female,93929.12736580076,210,4,5,4,13,VIP
C00067,2023-08-15,1,22300.0,10.0,0,John Anderson,36.0,Female,63691.02606394074,860,1,1,1,3,Dormant
C00068,2025-06-01,4,656142.0,35.0,1,Richard Martinez,53.0,Female,41586.52813841267,204,4,5,4,13,High Fraud Risk
C00069,2024-11-06,4,655013.0,27.5,1,Charles Brown,41.0,Male,60537.71677989062,411,3,5,4,12,High Fraud Risk
C00070,2023-11-10,2,293293.0,30.0,0,John Williams,44.0,Male,41334.64081853608,773,1,3,2,6,At Risk
C00071,2025-08-30,3,832403.0,28.333333333333332,1,Elizabeth Rodriguez,54.0,Female,42856.84887167434,114,4,5,5,14,High Fraud Risk
C00072,2022-01-14,1,74140.0,35.0,0,Sarah Lopez,84.0,Female,37760.65948451673,1438,1,1,1,3,Dormant
C00073,2024-09-05,1,298857.0,15.0,0,Mary Anderson,29.0,Female,20672.86821247997,473,2,1,2,5,Dormant
C00074,2025-03-25,8,1380157.0,33.125,0,Thomas Anderson,30.0,Female,75741.69207484904,272,3,5,5,13,VIP
C00075,2023-08-18,5,800600.0,26.0,1,Thomas Gonzalez,27.0,Female,19215.35644479799,857,1,5,5,11,High Fraud Risk
C00076,2025-03-10,2,345864.0,35.0,0,David Gonzalez,52.0,Female,90654.77826005156,287,3,3,2,8,Regular
C00077,2025-05-08,2,348436.0,25.0,1,John Hernandez,62.0,Male,65088.41686602426,228,4,3,2,9,High Fraud Risk
C00078,2024-09-30,2,494466.0,35.0,1,Nancy Davis,35.0,Male,66395.63868285074,448,2,3,3,8,High Fraud Risk
C00079,2023-10-26,3,408967.0,28.333333333333332,1,Charles Wilson,40.0,Male,75593.2106453868,788,1,5,3,9,High Fraud Risk
C00080,2025-07-23,3,505703.0,33.333333333333336,0,Linda Rodriguez,21.0,Male,85553.53643797018,152,4,5,3,12,High Value
C00081,2023-11-15,6,740649.0,27.5,1,Christopher Wilson,68.0,Female,40032.91918522418,768,1,5,4,10,High Fraud Risk
C00082,2024-06-22,2,402657.0,30.0,0,Charles Johnson,47.0,Male,69849.02528016298,548,2,3,3,8,At Risk
C00083,2022-03-09,1,34459.0,25.0,0,Christopher Brown,51.0,Female,59516.08787218168,1384,1,1,1,3,Dormant
C00084,2025-11-28,3,529965.0,35.0,1,Jessica Gonzalez,64.0,Male,71153.82121450249,24,5,5,3,13,High Fraud Risk
C00085,2023-08-15,2,449258.0,35.0,1,Robert Miller,36.0,Male,43254.75137900599,860,1,3,3,7,High Fraud Risk
C00086,2025-12-15,3,551745.0,35.0,1,Thomas Williams,58.0,Male,53479.52935664318,7,5,5,3,13,High Fraud Risk
C00087,2025-04-09,7,1290639.0,30.714285714285715,1,Karen Miller,46.0,Male,81309.60750130702,257,3,5,5,13,High Fraud Risk
C00088,2025-03-17,1,179608.0,25.0,0,William Garcia,35.0,Male,60521.82100421668,280,3,1,1,5,Regular
C00089,2025-09-09,5,963571.0,41.0,1,David Thomas,79.0,Male,52743.22879120682,104,5,5,5,15,High Fraud Risk
C00090,2025-11-29,5,951926.0,31.0,1,Richard Wilson,63.0,Female,42107.85395560992,23,5,5,5,15,High Fraud Risk
C00091,2025-11-06,4,1028358.0,30.0,0,Christopher Gonzalez,51.0,Female,49958.91551294777,46,5,5,5,15,VIP
C00092,2025-06-18,6,875703.0,28.333333333333332,0,Linda Jones,44.0,Female,79102.84641002477,187,4,5,5,14,VIP
C00093,2025-04-29,4,972292.0,32.5,1,Karen Smith,31.0,Male,51250.83399353179,237,4,5,5,14,High Fraud Risk
C00094,2025-01-31,2,360220.0,35.0,0,Karen Brown,51.0,Female,93489.84866695074,325,3,3,2,8,Regular
C00095,2025-05-13,3,473782.0,31.666666666666668,0,Jessica Miller,34.0,Female,31830.77407272881,223,4,5,3,12,High Value
C00096,2023-07-21,1,136597.0,25.0,0,Barbara Davis,29.0,Female,49695.63212383514,885,1,1,1,3,Dormant
C00097,2022-05-20,1,87559.0,25.0,0,Charles Jones,51.0,Male,69508.61365053247,1312,1,1,1,3,Dormant
C00099,2025-07-22,4,328413.0,30.0,1,Barbara Jackson,37.0,Female,61637.48278772645,153,4,5,2,11,High Fraud Risk
C00101,2024-04-18,3,326080.0,31.666666666666668,1,Richard Moore,55.0,Female,37418.96457565542,613,2,5,2,9,High Fraud Risk
C00102,2024-11-08,2,540465.0,30.0,1,Christopher Johnson,55.0,Female,27745.68257620697,409,3,3,3,9,High Fraud Risk
C00103,2025-01-24,4,441574.0,32.5,1,Charles Williams,39.0,Male,48527.96454206198,332,3,5,3,11,High Fraud Risk
C00104,2025-11-27,5,577628.0,31.0,0,Jessica Brown,36.0,Female,67836.08010805093,25,5,5,3,13,High Value
C00105,2024-10-24,1,70819.0,15.0,0,Sarah Rodriguez,45.0,Male,57059.95996743023,424,3,1,1,5,Regular
C00106,2025-01-03,3,562737.0,26.666666666666668,0,Mary Williams,49.0,Female,45030.26926886893,353,3,5,3,11,High Value
C00107,2023-08-27,5,315860.0,27.0,0,David Rodriguez,41.0,Male,81975.5370397438,848,1,5,2,8,At Risk
C00108,2025-12-12,6,634990.0,28.333333333333332,1,David Martinez,47.0,Female,40432.54444769936,10,5,5,4,14,High Fraud Risk
C00109,2025-09-17,1,5362.0,20.0,0,John Hernandez,19.0,Male,58033.207464105,96,5,1,1,7,Regular
C00110,2025-10-17,6,1428500.0,33.333333333333336,1,Nancy Hernandez,45.0,Female,89070.68154314633,66,5,5,5,15,High Fraud Risk
C00111,2022-10-01,2,208124.0,22.5,0,Robert Gonzalez,28.0,Female,95045.40886847246,1178,1,3,1,5,At Risk
C00112,2025-09-16,7,863301.0,32.857142857142854,0,Barbara Hernandez,58.0,Male,63666.84011476704,97,5,5,5,15,VIP
C00113,2022-04-15,1,169166.0,25.0,0,Thomas Anderson,56.0,Female,54969.22227911009,1347,1,1,1,3,Dormant
C00114,2025-07-15,1,126225.0,25.0,1,Robert Davis,66.0,Male,55484.47399026929,160,4,1,1,6,High Fraud Risk
C00115,2024-12-05,5,746171.0,30.0,1,Christopher Johnson,69.0,Male,31397.17244078735,382,3,5,4,12,High Fraud Risk
C00116,2022-06-13,2,560318.0,35.0,0,Nancy Jones,37.0,Female,59710.95458243442,1288,1,3,3,7,At Risk
C00117,2025-06-02,4,829690.0,35.0,1,Jessica Hernandez,55.0,Female,61038.91771614599,203,4,5,5,14,High Fraud Risk
C00118,2025-08-08,4,846958.0,28.75,1,Jessica Garcia,34.0,Female,73591.95497869351,136,4,5,5,14,High Fraud Risk
C00119,2024-05-23,4,712061.0,32.5,1,Elizabeth Jackson,44.0,Female,42054.91257028337,578,2,5,4,11,High Fraud Risk
C00120,2024-02-10,1,37645.0,10.0,0,Christopher Moore,62.0,Male,74166.07694402128,681,2,1,1,4,Dormant
C00121,2025-11-06,2,385412.0,30.0,0,David Rodriguez,57.0,Female,55307.58860085173,46,5,3,2,10,Regular
C00122,2023-04-07,3,519327.0,35.0,1,Susan Taylor,32.0,Male,59932.51085178096,990,1,5,3,9,High Fraud Risk
C00123,2025-10-23,4,776397.0,35.0,0,Karen Gonzalez,46.0,Female,63006.03522923755,60,5,5,4,14,VIP
C00124,2025-09-05,2,609527.0,35.0,1,Robert Jones,66.0,Male,31962.97874415438,108,5,3,4,12,High Fraud Risk
C00125,2024-02-09,3,848262.0,31.666666666666668,0,Jane Davis,44.0,Male,69540.81654446243,682,2,5,5,12,VIP
C00126,2025-02-03,5,1117591.0,28.0,1,Joseph Moore,56.0,Female,68509.15123569929,322,3,5,5,13,High Fraud Risk
C00127,2025-04-18,5,807423.0,33.0,1,Thomas Gonzalez,27.0,Female,67513.96036691344,248,4,5,5,14,High Fraud Risk
C00128,2024-01-05,2,314027.0,30.0,0,Sarah Jones,67.0,Female,70156.71512579247,717,2,3,2,7,At Risk
C00129,2025-06-26,2,453130.0,30.0,1,Robert Davis,68.0,Female,35243.69002346302,179,4,3,3,10,High Fraud Risk
C00130,2024-12-16,5,1068567.0,37.0,1,Linda Gonzalez,58.0,Male,66575.02219319368,371,3,5,5,13,High Fraud Risk
C00131,2025-04-13,3,688642.0,31.666666666666668,1,Robert Johnson,41.0,Female,54545.52860504659,253,4,5,4,13,High Fraud Risk
C00132,2025-12-06,5,680088.0,33.0,1,Barbara Anderson,31.0,Female,32344.00538071328,16,5,5,4,14,High Fraud Risk
C00133,2024-01-21,1,195219.0,15.0,0,Jessica Gonzalez,67.0,Male,67112.2669757132,701,2,1,1,4,Dormant
C00134,2025-09-15,2,161413.0,35.0,0,William Jackson,55.0,Female,53959.09001020272,98,5,3,1,9,Regular
C00135,2024-11-09,1,287471.0,15.0,0,Jessica Jones,35.0,Female,44016.15986699493,408,3,1,2,6,Regular
C00136,2025-05-16,4,489022.0,25.0,1,Susan Martinez,38.0,Female,28105.93865466409,220,4,5,3,12,High Fraud Risk
C00137,2022-10-09,1,74390.0,25.0,0,Richard Thomas,73.0,Female,90864.87056544378,1170,1,1,1,3,Dormant
C00138,2025-12-02,1,87543.0,15.0,1,Joseph Garcia,55.0,Male,65774.47325650047,20,5,1,1,7,High Fraud Risk
C00139,2025-06-13,5,731102.0,33.0,1,Elizabeth Jackson,60.0,Male,78625.60238232397,192,4,5,4,13,High Fraud Risk
C00140,2022-04-16,1,300083.0,35.0,0,Jane Miller,24.0,Male,57020.61380465406,1346,1,1,2,4,Dormant
C00141,2023-03-07,3,707309.0,35.0,1,Nancy Jackson,61.0,Female,57592.37672092803,1021,1,5,4,10,High Fraud Risk
C00142,2023-10-29,3,919373.0,31.666666666666668,0,Christopher Martin,35.0,Male,56260.57394029108,785,1,5,5,11,High Value
C00143,2024-03-05,1,195799.0,25.0,0,Thomas Thomas,34.0,Female,62128.60455383794,657,2,1,1,4,Dormant
C00144,2025-05-09,5,793873.0,32.0,1,David Martinez,51.0,Female,72137.01186431342,227,4,5,4,13,High Fraud Risk
C00145,2025-11-07,6,1204011.0,29.166666666666668,0,Barbara Miller,27.0,Female,73131.07217267659,45,5,5,5,15,VIP
C00146,2023-06-15,2,401039.0,25.0,1,Linda Rodriguez,31.0,Male,70692.58172244871,921,1,3,3,7,High Fraud Risk
C00147,2025-04-27,4,1013234.0,32.5,0,Sarah Jackson,70.0,Female,68380.3801873209,239,4,5,5,14,VIP
C00148,2025-02-10,2,316618.0,35.0,1,Barbara Martin,36.0,Male,88447.39723397016,315,3,3,2,8,High Fraud Risk
C00149,2023-07-21,4,757277.0,37.5,0,Sarah Anderson,18.0,Female,39512.2471733142,885,1,5,4,10,High Value
C00150,2024-04-24,2,243032.0,27.5,0,Susan Jackson,76.0,Female,57208.20743689653,607,2,3,1,6,At Risk
C00151,2025-03-27,4,744583.0,32.5,1,Richard Moore,54.0,Female,72566.9101852856,270,3,5,4,12,High Fraud Risk
C00152,2024-06-12,1,114936.0,25.0,0,Barbara Gonzalez,30.0,Female,57484.26159800704,558,2,1,1,4,Dormant
C00153,2024-05-04,3,101114.0,26.666666666666668,0,Michael Rodriguez,54.0,Female,87372.63115064698,597,2,5,1,8,At Risk
C00154,2025-04-13,5,753718.0,31.0,0,Mary Smith,52.0,Female,57234.71397657631,253,4,5,4,13,VIP
C00155,2024-03-12,1,222480.0,15.0,0,Robert Taylor,50.0,Male,47097.60490789751,650,2,1,1,4,Dormant
C00156,2025-04-24,4,336758.0,26.25,0,William Thomas,30.0,Male,72164.92383369937,242,4,5,2,11,Regular
C00157,2024-06-14,3,686716.0,35.0,1,Thomas Wilson,41.0,Male,44925.27671285021,556,2,5,4,11,High Fraud Risk
C00158,2025-05-06,4,440312.0,37.5,1,Elizabeth Jones,59.0,Female,73027.82502611596,230,4,5,3,12,High Fraud Risk
C00159,2024-03-30,2,309918.0,35.0,0,Elizabeth Martinez,32.0,Female,52308.88911540349,632,2,3,2,7,At Risk
C00160,2024-07-02,4,759656.0,35.0,0,Karen Jones,50.0,Female,90760.7313293194,538,2,5,4,11,High Value
C00161,2024-10-29,5,1017744.0,35.0,0,William Moore,32.0,Male,48012.14709111956,419,3,5,5,13,VIP
C00162,2023-11-19,1,44121.0,10.0,0,Michael Lopez,70.0,Female,41148.83988416247,764,1,1,1,3,Dormant
C00163,2025-02-21,3,575522.0,26.666666666666668,1,Christopher Rodriguez,18.0,Male,45616.9336151516,304,3,5,3,11,High Fraud Risk
C00164,2025-08-10,3,677949.0,31.666666666666668,1,Nancy Martinez,81.0,Female,62584.42363950455,134,4,5,4,13,High Fraud Risk
C00165,2025-06-05,1,337107.0,25.0,0,Sarah Jackson,41.0,Male,89797.26877204164,200,4,1,2,7,Regular
C00166,2022-12-24,1,262789.0,25.0,1,Charles Smith,75.0,Male,38649.34171491454,1094,1,1,2,4,High Fraud Risk
C00167,2025-11-13,4,896988.0,32.5,1,Robert Rodriguez,57.0,Female,35382.7136713209,39,5,5,5,15,High Fraud Risk
C00168,2023-04-05,2,258253.0,22.5,1,Robert Taylor,30.0,Male,70080.93031035688,992,1,3,2,6,High Fraud Risk
C00169,2025-01-27,2,200777.0,25.0,0,Mary Miller,41.0,Female,40811.21526553041,329,3,3,1,7,Regular
C00170,2025-08-28,4,703832.0,28.75,1,Jessica Moore,36.0,Female,62440.19629290723,116,4,5,4,13,High Fraud Risk
C00171,2025-11-10,5,1293058.0,33.0,1,Richard Williams,39.0,Male,53645.69806487532,42,5,5,5,15,High Fraud Risk
C00172,2025-12-17,6,1239184.0,34.166666666666664,0,Susan Garcia,46.0,Female,31505.03627573086,5,5,5,5,15,VIP
C00173,2023-02-27,1,113819.0,15.0,0,Joseph Martinez,50.0,Female,65029.47217881024,1029,1,1,1,3,Dormant
C00175,2024-09-04,1,349018.0,15.0,0,Jessica Miller,35.0,Male,23387.34206287086,474,2,1,2,5,Dormant
C00176,2025-01-13,2,267413.0,25.0,0,Elizabeth Lopez,64.0,Male,73463.62702539917,343,3,3,2,8,Regular
C00177,2025-08-30,7,879559.0,27.857142857142858,1,Thomas Thomas,30.0,Male,59045.7728771604,114,4,5,5,14,High Fraud Risk
C00178,2024-11-15,3,118699.0,30.0,0,Linda Martin,28.0,Male,16942.18814095034,402,3,5,1,9,Regular
C00179,2025-05-14,6,849142.0,25.0,1,William Anderson,45.0,Male,46967.99304788366,222,4,5,5,14,High Fraud Risk
C00180,2025-07-31,3,329823.0,23.333333333333332,0,William Lopez,39.0,Female,52571.18268008417,144,4,5,2,11,Regular
C00181,2024-09-16,1,236983.0,25.0,0,Christopher Martinez,45.0,Male,75376.79351937794,462,2,1,1,4,Dormant
C00182,2024-12-15,2,347813.0,30.0,1,John Johnson,55.0,Female,34134.54084257672,372,3,3,2,8,High Fraud Risk
C00183,2025-08-02,3,531138.0,35.0,1,John Rodriguez,38.0,Male,81142.44452437831,142,4,5,3,12,High Fraud Risk
C00184,2024-05-16,3,352691.0,31.666666666666668,0,Michael Anderson,65.0,Female,33823.59201761776,585,2,5,2,9,At Risk
C00185,2025-01-27,3,729300.0,28.333333333333332,1,Charles Jones,32.0,Male,69428.31112772808,329,3,5,4,12,High Fraud Risk
C00186,2025-08-11,3,525402.0,31.666666666666668,1,Jessica Jackson,53.0,Female,66225.00309087073,133,4,5,3,12,High Fraud Risk
C00187,2023-06-06,1,219578.0,15.0,0,Charles Martinez,50.0,Male,49820.72748585002,930,1,1,1,3,Dormant
C00189,2024-11-10,3,516836.0,35.0,1,Jane Garcia,53.0,Female,15000.0,407,3,5,3,11,High Fraud Risk
C00190,2025-04-07,5,746353.0,37.0,1,Jessica Garcia,55.0,Female,96934.14651472066,259,3,5,4,12,High Fraud Risk
C00191,2024-10-25,5,1237827.0,29.0,1,Robert Gonzalez,48.0,Male,21734.39510684404,423,3,5,5,13,High Fraud Risk
C00192,2025-07-19,4,443770.0,21.25,1,Elizabeth Hernandez,38.0,Female,63881.79985796615,156,4,5,3,12,High Fraud Risk
C00193,2025-08-04,2,451943.0,35.0,0,Richard Williams,18.0,Male,54279.91556239779,140,4,3,3,10,High Value
C00194,2023-11-19,2,449519.0,40.0,1,Linda Johnson,24.0,Female,27728.77204246518,764,1,3,3,7,High Fraud Risk
C00197,2023-11-15,5,785624.0,24.0,1,William Miller,42.0,Male,52851.09154379146,768,1,5,4,10,High Fraud Risk
C00198,2022-08-08,1,316374.0,35.0,0,David Jackson,24.0,Male,45381.39920116162,1232,1,1,2,4,Dormant
C00199,2025-11-13,5,692111.0,31.0,0,Robert Davis,50.0,Male,46141.80809478692,39,5,5,4,14,VIP
C00200,2024-11-23,2,311781.0,30.0,0,Linda Garcia,70.0,Female,90464.77243424515,394,3,3,2,8,Regular
C00201,2025-05-02,4,688501.0,32.5,1,Jane Lopez,30.0,Male,48674.04540794456,234,4,5,4,13,High Fraud Risk
C00202,2025-07-03,3,564166.0,26.666666666666668,0,William Jones,55.0,Male,67869.70770843499,172,4,5,3,12,High Value
C00203,2025-10-04,2,219420.0,22.5,0,Jessica Johnson,43.0,Male,76520.94342883013,79,5,3,1,9,Regular
C00204,2025-01-15,2,424933.0,25.0,1,Michael Anderson,27.0,Female,54337.22206512466,341,3,3,3,9,High Fraud Risk
C00205,2022-07-24,1,48752.0,25.0,0,John Martin,38.0,Female,57881.03291391729,1247,1,1,1,3,Dormant
C00206,2025-06-01,1,308343.0,25.0,0,Jane Jones,18.0,Female,80150.27379673845,204,4,1,2,7,Regular
C00207,2025-08-31,5,916971.0,33.0,1,John Taylor,52.0,Male,65939.69346466372,113,4,5,5,14,High Fraud Risk
C00208,2025-10-23,4,320602.0,27.5,0,Jane Anderson,63.0,Male,62834.33827279809,60,5,5,2,12,Regular
C00209,2023-03-24,2,356857.0,30.0,0,Christopher Thomas,54.0,Male,69251.82585707902,1004,1,3,2,6,At Risk
C00210,2025-07-30,3,904324.0,28.333333333333332,0,Karen Jackson,46.0,Female,90980.40302990374,145,4,5,5,14,VIP
C00211,2024-05-30,2,320157.0,30.0,0,William Anderson,47.0,Male,57112.79176152115,571,2,3,2,7,At Risk
C00212,2022-05-01,1,102961.0,15.0,0,Mary Thomas,36.0,Male,25852.84084814107,1331,1,1,1,3,Dormant
C00213,2022-09-14,2,402828.0,40.0,0,Karen Rodriguez,69.0,Female,50858.07486827456,1195,1,3,3,7,At Risk
C00214,2025-02-23,3,782378.0,35.0,1,Charles Brown,35.0,Male,38369.0399277121,302,3,5,4,12,High Fraud Risk
C00215,2024-09-04,1,36627.0,0.0,0,Richard Williams,39.0,Male,43954.45461556762,474,2,1,1,4,Dormant
C00216,2023-08-31,3,440709.0,35.0,0,William Taylor,49.0,Female,79510.90254244718,844,1,5,3,9,High Value
C00217,2024-07-25,4,580980.0,23.75,0,Sarah Gonzalez,44.0,Female,38845.78142088199,515,2,5,4,11,High Value
C00218,2023-07-21,1,23114.0,10.0,0,Karen Martin,34.0,Female,34829.90178649331,885,1,1,1,3,Dormant
C00219,2025-11-30,4,1106738.0,30.0,1,Nancy Jones,44.0,Male,89598.88277780052,22,5,5,5,15,High Fraud Risk
C00220,2025-05-20,4,553009.0,28.75,1,Michael Davis,55.0,Female,51290.27258860313,216,4,5,3,12,High Fraud Risk
C00221,2024-06-01,3,297991.0,33.333333333333336,1,Jane Hernandez,45.0,Male,60939.61187529484,569,2,5,2,9,High Fraud Risk
C00222,2025-05-08,3,564969.0,33.333333333333336,1,Robert Martin,36.0,Male,62218.45179419732,228,4,5,3,12,High Fraud Risk
C00223,2024-12-16,1,255218.0,25.0,1,Sarah Taylor,52.0,Male,29288.55753585788,371,3,1,2,6,High Fraud Risk
C00224,2023-12-04,1,294967.0,25.0,0,Karen Taylor,69.0,Female,80287.4013003626,749,2,1,2,5,Dormant
C00225,2025-09-13,2,211921.0,27.5,0,Michael Lopez,46.0,Male,30848.97001070139,100,5,3,1,9,Regular
C00226,2022-09-04,2,371599.0,27.5,0,David Thomas,64.0,Female,87913.67621579912,1205,1,3,2,6,At Risk
C00227,2024-12-13,3,491473.0,35.0,1,Thomas Moore,48.0,Female,58511.08168467665,374,3,5,3,11,High Fraud Risk
C00228,2024-10-19,3,909767.0,31.666666666666668,0,Susan Martinez,43.0,Male,68390.64887814055,429,3,5,5,13,VIP
C00229,2025-06-24,1,29559.0,25.0,0,Susan Taylor,75.0,Female,85812.88921845095,181,4,1,1,6,Regular
C00230,2024-04-12,5,1068498.0,28.0,1,David Martin,52.0,Female,74697.55572099634,619,2,5,5,12,High Fraud Risk
C00231,2025-09-26,4,706886.0,35.0,1,Richard Martinez,60.0,Female,49799.67202290506,87,5,5,4,14,High Fraud Risk
C00232,2025-10-07,7,1456540.0,30.0,1,Christopher Martinez,49.0,Female,43455.38112895354,76,5,5,5,15,High Fraud Risk
C00233,2025-05-22,1,220602.0,15.0,1,Michael Taylor,32.0,Female,47234.34546943012,214,4,1,1,6,High Fraud Risk
C00234,2023-01-31,1,245167.0,25.0,1,Joseph Martin,61.0,Male,58972.12552823027,1056,1,1,1,3,High Fraud Risk
C00235,2024-11-07,3,470357.0,35.0,1,Linda Martin,18.0,Female,54067.85081860403,410,3,5,3,11,High Fraud Risk
C00236,2024-06-21,3,836121.0,35.0,1,Richard Gonzalez,37.0,Male,64475.75903277797,549,2,5,5,12,High Fraud Risk
C00237,2025-08-17,5,1137979.0,33.0,1,Barbara Martin,50.0,Female,59346.10503811814,127,4,5,5,14,High Fraud Risk
C00238,2025-12-16,4,454903.0,30.0,1,Elizabeth Lopez,38.0,Male,85620.32723470226,6,5,5,3,13,High Fraud Risk
C00239,2025-02-03,4,538090.0,26.25,1,John Smith,57.0,Female,69183.60158456874,322,3,5,3,11,High Fraud Risk
C00240,2024-11-18,1,192080.0,15.0,0,John Williams,41.0,Male,55317.26086101639,399,3,1,1,5,Regular
C00241,2025-11-11,7,1503080.0,31.428571428571427,1,John Moore,68.0,Male,75348.69458305818,41,5,5,5,15,High Fraud Risk
C00242,2025-11-14,5,934778.0,35.0,1,Karen Johnson,36.0,Female,97623.1413888118,38,5,5,5,15,High Fraud Risk
C00243,2025-06-09,4,804198.0,32.5,1,Christopher Brown,62.0,Male,45936.47149748226,196,4,5,5,14,High Fraud Risk
C00244,2025-10-22,5,1024202.0,31.0,1,Jessica Thomas,32.0,Female,49964.85912830927,61,5,5,5,15,High Fraud Risk
C00245,2025-10-19,4,536954.0,32.5,1,Karen Jones,32.0,Male,53815.75248297571,64,5,5,3,13,High Fraud Risk
C00246,2024-03-22,3,566915.0,20.0,0,Jessica Rodriguez,52.0,Male,70275.71901824417,640,2,5,3,10,High Value
C00247,2023-05-24,2,201604.0,27.5,1,Christopher Brown,68.0,Female,62313.49268585717,943,1,3,1,5,High Fraud Risk
C00248,2024-09-25,2,347551.0,30.0,0,Richard Brown,36.0,Female,75107.82451651512,453,2,3,2,7,At Risk
C00249,2025-11-20,7,1300546.0,26.428571428571427,1,Richard Rodriguez,38.0,Male,50685.40492859486,32,5,5,5,15,High Fraud Risk
C00250,2023-02-15,2,487150.0,35.0,0,Barbara Gonzalez,46.0,Male,75027.74246743578,1041,1,3,3,7,At Risk
C00251,2023-12-05,6,957379.0,29.166666666666668,1,Elizabeth Johnson,49.0,Female,34977.72847229394,748,2,5,5,12,High Fraud Risk
C00252,2024-08-08,4,936384.0,32.5,1,Linda Garcia,43.0,Male,55926.52499646068,501,2,5,5,12,High Fraud Risk
C00253,2025-09-29,3,610411.0,35.0,1,Nancy Miller,54.0,Female,103265.0944661092,84,5,5,4,14,High Fraud Risk
C00254,2025-12-14,1,244301.0,15.0,0,Elizabeth Garcia,45.0,Female,60811.83382407765,8,5,1,1,7,Regular
C00255,2025-05-12,3,376136.0,30.0,0,Charles Anderson,55.0,Male,48750.66448211465,224,4,5,2,11,Regular
C00256,2023-07-15,1,278045.0,25.0,0,Mary Moore,45.0,Male,109264.8422497057,891,1,1,2,4,Dormant
C00257,2025-03-29,4,706195.0,27.5,0,Michael Davis,49.0,Male,109106.0027982179,268,3,5,4,12,VIP
C00258,2022-11-03,1,102204.0,15.0,0,John Wilson,63.0,Female,93700.28557417018,1145,1,1,1,3,Dormant
C00259,2025-11-15,4,689586.0,32.5,1,Michael Rodriguez,37.0,Female,48483.6351871064,37,5,5,4,14,High Fraud Risk
C00260,2024-12-26,3,567211.0,38.333333333333336,0,Richard Brown,19.0,Female,58889.04602206763,361,3,5,3,11,High Value
C00261,2024-12-09,3,643528.0,28.333333333333332,1,William Johnson,19.0,Female,48754.24941518054,378,3,5,4,12,High Fraud Risk
C00262,2025-10-29,3,566898.0,31.666666666666668,1,Robert Hernandez,57.0,Male,17455.45159297009,54,5,5,3,13,High Fraud Risk
C00263,2023-10-02,2,173426.0,30.0,1,Barbara Johnson,46.0,Male,73242.61349042093,812,1,3,1,5,High Fraud Risk
C00264,2025-05-08,3,688900.0,35.0,1,Linda Smith,46.0,Female,52293.7280627648,228,4,5,4,13,High Fraud Risk
C00265,2023-10-29,1,255541.0,25.0,0,Jessica Anderson,33.0,Male,74429.58647514686,785,1,1,2,4,Dormant
C00266,2023-02-08,1,42971.0,15.0,0,Nancy Garcia,61.0,Female,81227.41929746268,1048,1,1,1,3,Dormant
C00268,2022-08-26,1,78782.0,25.0,0,Charles Jackson,39.0,Male,55928.39279795277,1214,1,1,1,3,Dormant
C00269,2025-02-26,3,586259.0,26.666666666666668,1,Michael Rodriguez,51.0,Male,64153.75374326222,299,3,5,4,12,High Fraud Risk
C00270,2023-01-01,2,545794.0,35.0,0,Nancy Martin,66.0,Male,31282.75697641121,1086,1,3,3,7,At Risk
C00271,2024-11-28,3,837916.0,38.333333333333336,1,Elizabeth Gonzalez,77.0,Female,43834.03429289697,389,3,5,5,13,High Fraud Risk
C00272,2025-10-22,3,603680.0,28.333333333333332,0,Barbara Garcia,67.0,Female,77547.24581151342,61,5,5,4,14,VIP
C00273,2024-07-20,3,633407.0,31.666666666666668,1,Nancy Johnson,54.0,Male,75150.1542009461,520,2,5,4,11,High Fraud Risk
C00274,2025-04-14,1,203654.0,15.0,0,William Moore,42.0,Male,44034.05510923093,252,4,1,1,6,Regular
C00275,2023-05-29,4,675096.0,27.5,0,Jessica Miller,53.0,Female,41626.26977027812,938,1,5,4,10,High Value
C00276,2024-03-22,4,747071.0,27.5,1,Christopher Lopez,43.0,Female,68034.23444197883,640,2,5,4,11,High Fraud Risk
C00277,2024-02-27,1,339988.0,15.0,0,Robert Wilson,35.0,Male,35521.19466475487,664,2,1,2,5,Dormant
C00278,2025-06-06,2,549390.0,35.0,1,Christopher Rodriguez,45.0,Male,47061.26444588852,199,4,3,3,10,High Fraud Risk
C00279,2025-04-10,3,587590.0,31.666666666666668,0,Elizabeth Thomas,73.0,Male,86908.40092309956,256,3,5,4,12,VIP
C00280,2022-09-19,2,293229.0,35.0,0,Linda Jones,55.0,Male,32680.88577598931,1190,1,3,2,6,At Risk
C00281,2025-08-18,8,990301.0,28.125,1,Christopher Hernandez,44.0,Male,49131.5045773247,126,4,5,5,14,High Fraud Risk
C00283,2024-02-07,3,490967.0,31.666666666666668,0,Christopher Jones,33.0,Male,43794.95125971238,684,2,5,3,10,High Value
C00284,2025-10-26,4,812256.0,30.0,0,Sarah Taylor,43.0,Female,55580.60800933554,57,5,5,5,15,VIP
C00286,2024-01-10,5,797839.0,27.0,0,Nancy Rodriguez,35.0,Male,77048.66669592448,712,2,5,4,11,High Value
C00287,2022-08-05,1,76047.0,35.0,0,David Jones,76.0,Male,55059.48598508006,1235,1,1,1,3,Dormant
C00288,2023-10-28,1,310945.0,25.0,1,Linda Moore,64.0,Male,56965.71132845541,786,1,1,2,4,High Fraud Risk
C00289,2025-05-14,3,411664.0,31.666666666666668,0,Christopher Jones,37.0,Female,37607.65133421977,222,4,5,3,12,High Value
C00290,2025-01-29,1,264165.0,15.0,0,Joseph Jackson,35.0,Male,36206.66681819277,327,3,1,2,6,Regular
C00292,2025-10-25,3,729486.0,35.0,1,Sarah Taylor,24.0,Female,27092.02506086216,58,5,5,4,14,High Fraud Risk
C00293,2025-05-20,3,502358.0,26.666666666666668,0,Linda Williams,39.0,Male,30729.70103735763,216,4,5,3,12,High Value
C00295,2025-04-24,5,907981.0,24.0,0,Christopher Hernandez,47.0,Female,61017.75403712036,242,4,5,5,14,VIP
C00296,2024-08-25,1,139446.0,25.0,0,Susan Anderson,68.0,Male,49775.6864713763,484,2,1,1,4,Dormant
C00297,2025-09-28,4,731332.0,37.5,1,Robert Lopez,24.0,Female,74925.07132054442,85,5,5,4,14,High Fraud Risk
C00298,2025-12-06,3,848179.0,31.666666666666668,0,Michael Anderson,66.0,Male,63931.09553023149,16,5,5,5,15,VIP
C00299,2025-11-14,3,449444.0,23.333333333333332,1,Barbara Brown,49.0,Male,101508.0159729088,38,5,5,3,13,High Fraud Risk
C00300,2025-01-21,6,1328481.0,33.333333333333336,1,Nancy Hernandez,27.0,Female,83753.58776923128,335,3,5,5,13,High Fraud Risk
C00301,2025-10-11,2,435259.0,40.0,1,Susan Anderson,32.0,Female,37719.07099676013,72,5,3,3,11,High Fraud Risk
C00302,2025-11-26,4,982214.0,33.75,0,Charles Rodriguez,18.0,Female,77680.907927221,26,5,5,5,15,VIP
C00303,2025-07-17,2,480815.0,30.0,1,Christopher Johnson,42.0,Female,67916.39562191846,158,4,3,3,10,High Fraud Risk
C00304,2025-10-11,1,18148.0,10.0,1,Joseph Anderson,48.0,Male,29685.11770005536,72,5,1,1,7,High Fraud Risk
C00305,2025-09-28,2,220421.0,40.0,1,Susan Davis,38.0,Male,83078.01468511495,85,5,3,1,9,High Fraud Risk
C00306,2025-07-02,4,372302.0,28.75,1,Joseph Hernandez,77.0,Male,72678.38044636023,173,4,5,2,11,High Fraud Risk
C00307,2025-03-07,1,291768.0,15.0,0,Susan Wilson,45.0,Female,18270.44683257831,290,3,1,2,6,Regular
C00309,2024-02-23,1,112030.0,15.0,0,William Miller,44.0,Female,76769.81548903283,668,2,1,1,4,Dormant
C00310,2024-02-23,5,887037.0,30.0,1,Christopher Thomas,34.0,Male,53446.75706804464,668,2,5,5,12,High Fraud Risk
C00311,2025-08-27,4,567264.0,28.75,1,Joseph Lopez,42.0,Male,73426.80152900932,117,4,5,3,12,High Fraud Risk
C00312,2025-05-03,2,130142.0,22.5,0,Mary Jones,53.0,Male,58756.17966001378,233,4,3,1,8,Regular
C00313,2025-06-13,5,897342.0,31.0,1,Karen Johnson,48.0,Female,19165.30263151419,192,4,5,5,14,High Fraud Risk
C00314,2024-06-03,7,1098166.0,33.57142857142857,1,Jane Gonzalez,44.0,Female,73630.01394745249,567,2,5,5,12,High Fraud Risk
C00315,2025-01-19,2,37587.0,17.5,0,Linda Jackson,44.0,Male,65711.08149715314,337,3,3,1,7,Regular
C00316,2024-05-02,2,312464.0,22.5,1,Jane Hernandez,35.0,Male,86426.08064546024,599,2,3,2,7,High Fraud Risk
C00317,2024-10-31,5,1182097.0,29.0,1,Charles Gonzalez,25.0,Female,95095.8836396873,417,3,5,5,13,High Fraud Risk
C00318,2024-10-14,4,851018.0,30.0,1,Jane Williams,36.0,Female,36042.44214822303,434,2,5,5,12,High Fraud Risk
C00319,2025-04-26,4,763109.0,32.5,0,Susan Davis,46.0,Female,56886.45529215841,240,4,5,4,13,VIP
C00320,2025-09-06,5,1172481.0,31.0,1,Thomas Martinez,50.0,Female,97523.41678431771,107,5,5,5,15,High Fraud Risk
C00321,2025-10-01,2,523680.0,35.0,1,Susan Gonzalez,51.0,Male,97535.91625116132,82,5,3,3,11,High Fraud Risk
C00322,2025-02-16,1,63355.0,15.0,0,Nancy Garcia,52.0,Female,66673.24210573896,309,3,1,1,5,Regular
C00323,2022-09-26,1,76242.0,25.0,0,Charles Jones,29.0,Female,26902.86656268461,1183,1,1,1,3,Dormant
C00324,2025-03-01,5,755895.0,32.0,1,Christopher Moore,44.0,Male,95416.0127127102,296,3,5,4,12,High Fraud Risk
C00325,2024-05-11,2,533764.0,25.0,0,Karen Davis,41.0,Male,79281.74336576715,590,2,3,3,8,At Risk
C00326,2024-08-03,5,1209426.0,27.0,0,Robert Davis,38.0,Male,62614.81154572183,506,2,5,5,12,VIP
C00327,2025-11-02,4,803253.0,36.25,1,Charles Lopez,18.0,Female,89920.88622978366,50,5,5,5,15,High Fraud Risk
C00328,2024-04-30,6,775887.0,25.833333333333332,0,Jane Martinez,39.0,Male,58861.08752557865,601,2,5,4,11,High Value
C00329,2025-11-04,4,667746.0,32.5,1,Thomas Moore,56.0,Female,41812.25090410523,48,5,5,4,14,High Fraud Risk
C00330,2023-04-28,2,430705.0,30.0,0,Robert Hernandez,32.0,Female,64873.74422983824,969,1,3,3,7,At Risk
C00331,2024-02-11,1,76317.0,25.0,0,Richard Johnson,28.0,Male,43491.78940042089,680,2,1,1,4,Dormant
C00332,2024-12-27,3,575983.0,26.666666666666668,0,Sarah Rodriguez,44.0,Male,36626.43924760936,360,3,5,3,11,High Value
C00333,2025-09-10,3,839140.0,31.666666666666668,0,John Jones,59.0,Male,50124.86833677375,103,5,5,5,15,VIP
C00334,2025-05-18,2,350773.0,35.0,1,Mary Davis,60.0,Male,64775.78318053027,218,4,3,2,9,High Fraud Risk
C00335,2024-04-25,2,261131.0,25.0,0,Karen Hernandez,48.0,Male,86142.85508564857,606,2,3,2,7,At Risk
C00336,2025-08-29,3,439052.0,31.666666666666668,0,Michael Moore,69.0,Male,32397.97083570217,115,4,5,3,12,High Value
C00337,2025-12-20,2,203166.0,27.5,0,Karen Taylor,37.0,Female,46933.41534852576,2,5,3,1,9,Regular
C00338,2022-12-24,1,329843.0,25.0,0,Elizabeth Davis,35.0,Female,95506.21785219024,1094,1,1,2,4,Dormant
C00339,2025-10-11,2,36274.0,15.0,1,John Martinez,26.0,Male,48150.71481694211,72,5,3,1,9,High Fraud Risk
C00340,2025-05-06,3,798367.0,28.333333333333332,1,Michael Brown,54.0,Male,37139.90174539033,230,4,5,5,14,High Fraud Risk
C00341,2025-04-13,5,301303.0,24.0,0,Christopher Rodriguez,20.0,Male,63692.67717064609,253,4,5,2,11,Regular
C00342,2025-11-20,3,426960.0,28.333333333333332,0,Jessica Jackson,40.0,Female,28736.18382606686,32,5,5,3,13,High Value
C00344,2025-09-05,4,580704.0,26.25,0,Mary Jackson,33.0,Male,46189.17895367481,108,5,5,3,13,High Value
C00345,2025-07-11,1,62605.0,0.0,0,Christopher Martinez,49.0,Female,47546.00960358812,164,4,1,1,6,Regular
C00346,2025-10-28,3,506810.0,30.0,0,Jessica Martin,18.0,Male,58914.10266964375,55,5,5,3,13,High Value
C00348,2023-10-28,3,414908.0,28.333333333333332,0,John Martin,33.0,Female,63007.87572952415,786,1,5,3,9,High Value
C00349,2025-08-01,7,987498.0,30.0,0,Joseph Hernandez,46.0,Male,54019.85299068265,143,4,5,5,14,VIP
C00352,2024-07-06,1,4636.0,0.0,0,Charles Johnson,63.0,Male,33344.45205040701,534,2,1,1,4,Dormant
C00353,2025-03-02,3,625127.0,35.0,1,Elizabeth Jackson,43.0,Male,60376.99245889695,295,3,5,4,12,High Fraud Risk
C00354,2025-04-23,2,189935.0,40.0,0,Linda Martin,41.0,Female,29937.14093763788,243,4,3,1,8,Regular
C00355,2024-12-25,5,791591.0,33.0,0,Charles Garcia,50.0,Male,96763.67353590246,362,3,5,4,12,VIP
C00356,2025-12-17,6,849019.0,33.333333333333336,1,Linda Taylor,43.0,Female,66823.03949633287,5,5,5,5,15,High Fraud Risk
C00357,2025-01-10,4,282236.0,25.0,0,Susan Hernandez,48.0,Female,75636.45743554621,346,3,5,2,10,Regular
C00358,2023-12-23,1,62100.0,25.0,0,Jane Martinez,42.0,Female,27390.5351256972,730,2,1,1,4,Dormant
C00359,2022-07-28,1,114139.0,15.0,0,Nancy Wilson,43.0,Female,36094.12472801511,1243,1,1,1,3,Dormant
C00360,2025-01-28,5,909176.0,32.0,1,Sarah Smith,75.0,Male,37935.83268556633,328,3,5,5,13,High Fraud Risk
C00361,2024-02-29,4,587098.0,26.25,0,Barbara Jones,46.0,Female,89550.60162110523,662,2,5,4,11,High Value
C00362,2024-10-28,4,1086382.0,40.0,1,Richard Williams,44.0,Female,64866.78898645384,420,3,5,5,13,High Fraud Risk
C00363,2025-11-30,9,1713647.0,32.77777777777778,1,William Jones,24.0,Male,74865.2818804543,22,5,5,5,15,High Fraud Risk
C00365,2024-07-18,3,718523.0,38.333333333333336,1,Mary Gonzalez,85.0,Male,82391.49822869153,522,2,5,4,11,High Fraud Risk
C00366,2025-03-16,5,870209.0,28.0,1,Elizabeth Jones,31.0,Male,43683.79430069123,281,3,5,5,13,High Fraud Risk
C00367,2025-10-27,6,1220109.0,31.666666666666668,0,Linda Rodriguez,70.0,Male,68726.47339348064,56,5,5,5,15,VIP
C00368,2022-07-30,2,218304.0,35.0,0,Jane Lopez,48.0,Male,73854.45510233719,1241,1,3,1,5,At Risk
C00369,2025-01-30,3,208587.0,31.666666666666668,0,Elizabeth Smith,33.0,Male,53558.76967588649,326,3,5,1,9,Regular
C00370,2023-05-22,2,303426.0,27.5,1,Charles Anderson,49.0,Female,63809.99359558133,945,1,3,2,6,High Fraud Risk
C00371,2023-08-19,3,533373.0,28.333333333333332,1,David Wilson,38.0,Female,64023.19311745679,856,1,5,3,9,High Fraud Risk
C00372,2025-06-09,1,47839.0,10.0,0,Thomas Martinez,45.0,Male,44830.09330599861,196,4,1,1,6,Regular
C00374,2025-10-10,6,876692.0,26.666666666666668,1,Jane Jones,59.0,Female,57058.85236995723,73,5,5,5,15,High Fraud Risk
C00375,2024-12-01,1,108964.0,15.0,0,John Jones,37.0,Female,87044.05357734289,386,3,1,1,5,Regular
C00376,2024-02-27,3,404573.0,26.666666666666668,0,Susan Moore,42.0,Male,62934.27372866646,664,2,5,3,10,High Value
C00377,2025-10-27,3,184723.0,25.0,0,Christopher Lopez,71.0,Female,72816.8572253402,56,5,5,1,11,Regular
C00378,2022-11-07,4,1290200.0,30.0,1,Robert Wilson,37.0,Male,64640.99874715273,1141,1,5,5,11,High Fraud Risk
C00379,2024-05-09,2,312081.0,35.0,0,Jessica Gonzalez,60.0,Female,49295.29576878864,592,2,3,2,7,At Risk
C00380,2025-10-23,2,209536.0,30.0,0,Robert Martinez,61.0,Female,72182.76241814354,60,5,3,1,9,Regular
C00381,2022-10-09,2,289871.0,30.0,0,Jane Wilson,36.0,Female,76992.04194042049,1170,1,3,2,6,At Risk
C00382,2024-10-18,1,118730.0,25.0,1,Elizabeth Martin,34.0,Male,45756.52271647913,430,3,1,1,5,High Fraud Risk
C00383,2023-11-11,4,938648.0,28.75,1,Thomas Martin,35.0,Female,60947.97342632828,772,1,5,5,11,High Fraud Risk
C00384,2025-11-19,2,414362.0,35.0,1,Richard Johnson,30.0,Male,37928.21365568458,33,5,3,3,11,High Fraud Risk
C00385,2025-01-09,1,146492.0,25.0,1,John Gonzalez,40.0,Female,64383.00655327878,347,3,1,1,5,High Fraud Risk
C00386,2025-12-21,3,546390.0,31.666666666666668,1,John Wilson,38.0,Male,56812.75535708187,1,5,5,3,13,High Fraud Risk
C00387,2023-09-24,2,485245.0,35.0,0,David Jackson,28.0,Male,52129.40288060543,820,1,3,3,7,At Risk
C00388,2025-01-12,5,760043.0,28.0,1,Robert Moore,29.0,Female,66284.94665190548,344,3,5,4,12,High Fraud Risk
C00389,2025-05-01,4,1242805.0,30.0,0,Joseph Rodriguez,41.0,Female,50139.98130682334,235,4,5,5,14,VIP
C00390,2024-10-17,3,513137.0,31.666666666666668,0,John Anderson,36.0,Male,66590.17471146019,431,3,5,3,11,High Value
C00391,2025-04-15,4,870604.0,30.0,1,Barbara Gonzalez,36.0,Female,49062.82117519216,251,4,5,5,14,High Fraud Risk
C00392,2022-10-15,1,205248.0,35.0,0,Thomas Martinez,18.0,Male,75021.9890901462,1164,1,1,1,3,Dormant
C00393,2025-04-23,2,309107.0,30.0,1,Michael Johnson,50.0,Female,51762.46067755065,243,4,3,2,9,High Fraud Risk
C00395,2024-11-18,4,600593.0,32.5,0,John Garcia,69.0,Male,86298.28907168095,399,3,5,4,12,VIP
C00396,2024-02-01,6,827555.0,23.333333333333332,1,Sarah Martinez,56.0,Female,72207.4053086693,690,2,5,5,12,High Fraud Risk
C00398,2025-05-27,4,762842.0,35.0,0,Nancy Wilson,62.0,Female,50616.4869579059,209,4,5,4,13,VIP
C00399,2023-03-09,3,494763.0,28.333333333333332,1,William Garcia,29.0,Male,69471.84861270363,1019,1,5,3,9,High Fraud Risk
C00400,2025-10-14,4,854954.0,28.75,0,Robert Williams,41.0,Female,79431.4190190871,69,5,5,5,15,VIP
C00401,2025-07-31,4,546101.0,31.25,1,Richard Wilson,52.0,Female,49479.3031466484,144,4,5,3,12,High Fraud Risk
C00402,2022-10-14,1,18871.0,10.0,0,Christopher Taylor,59.0,Female,69249.67248133708,1165,1,1,1,3,Dormant
C00403,2025-12-03,4,626949.0,28.75,0,Elizabeth Taylor,22.0,Female,87337.48534889049,19,5,5,4,14,VIP
C00404,2024-01-08,1,142698.0,15.0,0,Susan Jones,61.0,Female,53318.45538040119,714,2,1,1,4,Dormant
C00405,2025-04-21,3,357435.0,26.666666666666668,0,William Lopez,54.0,Male,82193.99683912446,245,4,5,2,11,Regular
C00406,2023-05-01,2,428661.0,30.0,0,Elizabeth Wilson,50.0,Male,41202.40427345289,966,1,3,3,7,At Risk
C00407,2025-08-02,2,317323.0,30.0,1,Christopher Jackson,34.0,Female,60683.04834976049,142,4,3,2,9,High Fraud Risk
C00408,2024-07-05,3,754668.0,35.0,1,John Moore,43.0,Female,66557.59048318714,535,2,5,4,11,High Fraud Risk
C00409,2023-02-24,3,390260.0,31.666666666666668,1,Richard Johnson,35.0,Male,54166.12500413446,1032,1,5,2,8,High Fraud Risk
C00410,2025-10-18,3,442540.0,23.333333333333332,0,Karen Wilson,46.0,Male,49930.48691767602,65,5,5,3,13,High Value
C00411,2025-10-18,2,437931.0,30.0,0,David Wilson,38.0,Female,74246.44319160325,65,5,3,3,11,High Value
C00412,2025-08-13,5,761508.0,32.0,0,Barbara Gonzalez,37.0,Female,56286.82046672366,131,4,5,4,13,VIP
C00413,2025-09-17,5,741523.0,34.0,1,Christopher Gonzalez,18.0,Female,49484.89956638477,96,5,5,4,14,High Fraud Risk
C00414,2025-10-12,2,154283.0,35.0,0,Richard Rodriguez,40.0,Female,74350.84511591925,71,5,3,1,9,Regular
C00415,2025-02-12,3,609780.0,35.0,1,David Brown,29.0,Male,97081.85132668375,313,3,5,4,12,High Fraud Risk
C00416,2024-08-01,3,316961.0,33.333333333333336,1,Jane Jackson,23.0,Male,44443.66624818249,508,2,5,2,9,High Fraud Risk
C00417,2025-11-17,6,1026454.0,29.166666666666668,0,Elizabeth Jackson,65.0,Female,71278.18240104719,35,5,5,5,15,VIP
C00418,2023-11-04,1,140740.0,25.0,0,Sarah Moore,56.0,Female,56375.51653563794,779,1,1,1,3,Dormant
C00419,2025-06-18,4,900308.0,27.5,1,David Garcia,44.0,Female,84471.37764837255,187,4,5,5,14,High Fraud Risk
C00420,2025-07-12,6,838728.0,35.0,1,Joseph Lopez,48.0,Male,20806.59752240449,163,4,5,5,14,High Fraud Risk
C00421,2024-06-29,5,1131703.0,31.0,0,Barbara Wilson,37.0,Female,70265.34866226712,541,2,5,5,12,VIP
C00422,2022-06-07,1,288398.0,25.0,0,Mary Rodriguez,42.0,Female,45101.94710387102,1294,1,1,2,4,Dormant
C00424,2025-08-12,4,491555.0,25.0,0,Charles Williams,39.0,Female,53014.84591363143,132,4,5,3,12,High Value
C00425,2025-05-01,3,549546.0,38.333333333333336,0,Linda Wilson,55.0,Male,57260.09021115083,235,4,5,3,12,High Value
C00426,2025-06-01,5,576462.0,28.0,1,Joseph Jones,52.0,Male,58543.42174686254,204,4,5,3,12,High Fraud Risk
C00427,2024-07-28,4,594536.0,32.5,0,Susan Jones,49.0,Female,57047.94827402662,512,2,5,4,11,High Value
C00428,2025-05-06,3,828536.0,31.666666666666668,1,William Williams,35.0,Male,97045.56369017877,230,4,5,5,14,High Fraud Risk
C00429,2025-01-04,5,985521.0,33.0,1,Karen Martin,47.0,Male,67706.34759457674,352,3,5,5,13,High Fraud Risk
C00430,2022-09-11,1,8721.0,10.0,0,Richard Smith,51.0,Male,46445.69260495788,1198,1,1,1,3,Dormant
C00431,2025-02-09,1,187013.0,25.0,0,Michael Moore,47.0,Female,17388.67040385599,316,3,1,1,5,Regular
C00432,2024-01-06,1,336510.0,25.0,0,Jane Miller,47.0,Female,64964.41172600672,716,2,1,2,5,Dormant
C00433,2024-06-11,4,693456.0,35.0,1,David Miller,38.0,Male,89067.68954235403,559,2,5,4,11,High Fraud Risk
C00434,2022-12-31,1,235418.0,35.0,0,Karen Garcia,18.0,Male,60067.51013194322,1087,1,1,1,3,Dormant
C00435,2025-10-05,3,372649.0,26.666666666666668,0,Sarah Brown,31.0,Male,58809.49287876399,78,5,5,2,12,Regular
C00436,2024-05-29,1,55892.0,15.0,0,Elizabeth Moore,28.0,Female,88218.6475949254,572,2,1,1,4,Dormant
C00437,2024-10-13,1,6287.0,0.0,0,Linda Smith,25.0,Male,71447.80622351351,435,2,1,1,4,Dormant
C00438,2024-10-16,4,740097.0,32.5,1,William Jones,59.0,Female,94212.2674516385,432,3,5,4,12,High Fraud Risk
C00439,2025-01-31,2,335492.0,40.0,0,Jane Rodriguez,77.0,Female,56482.28375135326,325,3,3,2,8,Regular
C00440,2023-08-11,1,108617.0,35.0,1,Linda Jones,24.0,Male,63155.22878587539,864,1,1,1,3,High Fraud Risk
C00441,2022-03-10,1,36931.0,15.0,1,Barbara Anderson,30.0,Female,73721.02919996879,1383,1,1,1,3,High Fraud Risk
C00442,2025-11-18,4,670499.0,30.0,0,Jessica Jackson,20.0,Female,64069.27271734446,34,5,5,4,14,VIP
C00443,2024-08-29,5,629636.0,34.0,0,Mary Moore,54.0,Male,90460.5971281605,480,2,5,4,11,High Value
C00444,2024-10-07,2,308208.0,35.0,0,Robert Brown,71.0,Female,59993.72654776451,441,2,3,2,7,At Risk
C00445,2025-08-26,2,377741.0,35.0,0,William Lopez,36.0,Female,72658.63635511021,118,4,3,2,9,Regular
C00446,2025-03-18,4,816887.0,28.75,0,John Johnson,57.0,Male,97935.85965307897,279,3,5,5,13,VIP
C00447,2025-11-09,4,660457.0,30.0,0,Elizabeth Brown,70.0,Male,77632.79513898901,43,5,5,4,14,VIP
C00448,2025-06-29,4,738868.0,30.0,0,Elizabeth Wilson,30.0,Male,73022.72483647313,176,4,5,4,13,VIP
C00449,2024-12-11,4,889348.0,26.25,0,Sarah Lopez,44.0,Female,82066.03764033043,376,3,5,5,13,VIP
C00450,2025-06-16,2,334096.0,32.5,0,Christopher Martinez,44.0,Male,94082.11032510982,189,4,3,2,9,Regular
C00451,2025-11-06,6,804478.0,31.666666666666668,0,Robert Davis,59.0,Female,68255.61853872996,46,5,5,5,15,VIP
C00452,2023-09-03,3,470422.0,31.666666666666668,1,Barbara Brown,44.0,Female,76355.32598400574,841,1,5,3,9,High Fraud Risk
C00453,2025-05-29,3,195315.0,31.666666666666668,0,Mary Williams,54.0,Male,56189.93788004377,207,4,5,1,10,Regular
C00454,2025-11-16,5,991116.0,26.0,1,Christopher Williams,45.0,Male,81883.83036941897,36,5,5,5,15,High Fraud Risk
C00455,2022-04-18,1,245499.0,25.0,0,Karen Moore,27.0,Male,56126.81081440564,1344,1,1,1,3,Dormant
C00456,2024-12-10,4,551826.0,23.75,0,Elizabeth Miller,31.0,Female,90998.6881003508,377,3,5,3,11,High Value
C00457,2024-04-29,3,634550.0,28.333333333333332,1,Susan Anderson,71.0,Female,68099.63421921911,602,2,5,4,11,High Fraud Risk
C00458,2023-12-26,1,232086.0,25.0,0,Joseph Jackson,44.0,Female,83454.58038518729,727,2,1,1,4,Dormant
C00459,2024-04-24,3,521994.0,23.333333333333332,0,Jane Garcia,58.0,Female,46637.11828922012,607,2,5,3,10,High Value
C00460,2025-08-07,5,1020592.0,34.0,0,Thomas Rodriguez,40.0,Female,75179.38440986535,137,4,5,5,14,VIP
C00461,2024-09-20,2,353924.0,30.0,0,Mary Davis,28.0,Male,36075.86751838659,458,2,3,2,7,At Risk
C00462,2025-10-24,7,1484385.0,32.142857142857146,1,Robert Williams,67.0,Male,61481.89560839551,59,5,5,5,15,High Fraud Risk
C00463,2025-01-30,6,984442.0,27.5,1,Jane Taylor,62.0,Female,61350.36962820218,326,3,5,5,13,High Fraud Risk
C00465,2025-04-10,2,355173.0,30.0,0,Mary Williams,42.0,Male,68081.01713629077,256,3,3,2,8,Regular
C00466,2023-03-27,1,194128.0,35.0,0,Thomas Anderson,19.0,Male,87077.44748330826,1001,1,1,1,3,Dormant
C00467,2025-11-03,4,701798.0,23.75,1,Jane Martinez,59.0,Female,48461.92688675194,49,5,5,4,14,High Fraud Risk
C00468,2023-06-09,2,358739.0,30.0,0,Elizabeth Hernandez,63.0,Female,46862.11442057208,927,1,3,2,6,At Risk
C00469,2025-09-28,3,660367.0,35.0,1,Jane Moore,67.0,Male,49634.59563452705,85,5,5,4,14,High Fraud Risk
C00470,2023-01-02,2,266444.0,25.0,0,David Gonzalez,56.0,Female,51377.48860849802,1085,1,3,2,6,At Risk
C00471,2025-03-22,1,347346.0,15.0,0,Linda Davis,65.0,Male,92812.29126976574,275,3,1,2,6,Regular
C00472,2022-11-26,2,278407.0,27.5,0,Karen Hernandez,58.0,Male,50958.1933433384,1122,1,3,2,6,At Risk
C00473,2025-06-28,3,386053.0,38.333333333333336,0,Richard Thomas,26.0,Female,74259.96860344776,177,4,5,2,11,Regular
C00474,2024-04-06,3,631383.0,35.0,1,Joseph Martinez,53.0,Female,40633.11090272729,625,2,5,4,11,High Fraud Risk
C00475,2024-01-22,1,256211.0,25.0,0,David Williams,44.0,Female,24618.48190221764,700,2,1,2,5,Dormant
C00476,2022-09-08,1,98670.0,25.0,0,Thomas Wilson,50.0,Male,66247.56420933144,1201,1,1,1,3,Dormant
C00477,2024-08-04,3,363121.0,23.333333333333332,1,Barbara Lopez,34.0,Female,55731.05696576305,505,2,5,2,9,High Fraud Risk
C00478,2024-01-27,2,190760.0,27.5,0,Michael Gonzalez,53.0,Female,82174.07161165815,695,2,3,1,6,At Risk
C00479,2025-05-12,5,1137030.0,24.0,0,Elizabeth Thomas,52.0,Female,65213.47531647814,224,4,5,5,14,VIP
C00480,2025-08-30,4,1009291.0,32.5,1,William Miller,18.0,Male,34408.46066528597,114,4,5,5,14,High Fraud Risk
C00482,2024-10-06,4,596979.0,31.25,1,Michael Taylor,46.0,Female,98778.5799811657,442,2,5,4,11,High Fraud Risk
C00483,2024-03-09,3,493772.0,31.666666666666668,0,Barbara Jackson,35.0,Male,90674.55419832998,653,2,5,3,10,High Value
C00484,2023-10-14,1,307640.0,25.0,0,Joseph Jackson,36.0,Male,80767.57702038634,800,1,1,2,4,Dormant
C00486,2025-01-08,3,666551.0,35.0,1,Richard Rodriguez,52.0,Male,41472.37740036923,348,3,5,4,12,High Fraud Risk
C00487,2025-10-19,1,131507.0,25.0,0,Thomas Taylor,40.0,Female,101534.9596712168,64,5,1,1,7,Regular
C00488,2025-02-05,6,847985.0,32.5,1,Sarah Jones,62.0,Female,75833.25387925871,320,3,5,5,13,High Fraud Risk
C00489,2025-07-22,2,63305.0,15.0,0,Linda Thomas,58.0,Female,66145.99041753219,153,4,3,1,8,Regular
C00490,2024-03-21,2,365919.0,30.0,1,Thomas Martin,37.0,Male,51348.83624360758,641,2,3,2,7,High Fraud Risk
C00491,2023-07-08,2,234689.0,32.5,0,Susan Taylor,77.0,Female,44653.04874223901,898,1,3,1,5,At Risk
C00493,2025-12-11,2,451789.0,35.0,1,Jane Davis,33.0,Male,54386.49846266452,11,5,3,3,11,High Fraud Risk
C00494,2025-12-05,4,778536.0,37.5,1,Richard Davis,35.0,Male,31866.77806303556,17,5,5,4,14,High Fraud Risk
C00495,2024-11-23,2,350520.0,35.0,0,Susan Garcia,64.0,Female,45846.61068762439,394,3,3,2,8,Regular
C00496,2023-10-16,1,208399.0,15.0,0,Christopher Williams,40.0,Female,86239.67477147892,798,1,1,1,3,Dormant
C00497,2022-07-31,1,315940.0,25.0,1,Sarah Garcia,52.0,Female,49327.99387121666,1240,1,1,2,4,High Fraud Risk
C00498,2025-01-20,2,431175.0,35.0,0,Christopher Jackson,45.0,Female,55308.25733249706,336,3,3,3,9,High Value
C00499,2025-08-31,5,964706.0,29.0,0,David Brown,44.0,Male,91292.87311628013,113,4,5,5,14,VIP
C00500,2023-12-10,2,519009.0,35.0,0,Jessica Smith,21.0,Male,61371.25949612055,743,2,3,3,8,At Risk
C00501,2024-04-11,5,745991.0,27.0,1,Karen Taylor,60.0,Male,30288.79253926056,620,2,5,4,11,High Fraud Risk
C00502,2024-09-24,3,391233.0,35.0,0,David Miller,76.0,Female,80649.30521102293,454,2,5,2,9,At Risk
C00503,2024-09-04,3,611497.0,35.0,0,Nancy Miller,43.0,Female,69047.43592499467,474,2,5,4,11,High Value
C00504,2025-01-06,1,126266.0,25.0,0,Linda Martinez,34.0,Male,70425.59810027629,350,3,1,1,5,Regular
C00505,2025-11-30,8,1617143.0,32.5,1,Jane Martin,30.0,Male,69242.06948526541,22,5,5,5,15,High Fraud Risk
C00506,2024-02-29,3,328080.0,33.333333333333336,0,Nancy Williams,56.0,Female,63427.36562379941,662,2,5,2,9,At Risk
C00507,2025-01-16,3,241737.0,23.333333333333332,0,Christopher Lopez,28.0,Male,64930.0955686401,340,3,5,1,9,Regular
C00508,2025-07-26,8,1120701.0,36.25,1,Barbara Moore,63.0,Female,35807.17962617589,149,4,5,5,14,High Fraud Risk
C00509,2023-09-23,1,56518.0,15.0,0,Sarah Martinez,43.0,Male,42067.15545369584,821,1,1,1,3,Dormant
C00510,2025-04-21,5,964597.0,31.0,0,Jane Lopez,21.0,Male,75208.29312288595,245,4,5,5,14,VIP
C00511,2025-09-08,6,875932.0,25.0,0,Barbara Wilson,45.0,Female,33763.27535299681,105,5,5,5,15,VIP
C00512,2025-02-19,2,386509.0,30.0,0,Robert Gonzalez,55.0,Female,53323.6102048798,306,3,3,2,8,Regular
C00513,2025-07-19,6,781839.0,28.333333333333332,0,Christopher Miller,31.0,Male,31753.92597329417,156,4,5,4,13,VIP
C00514,2022-03-03,2,436697.0,35.0,1,Joseph Jackson,50.0,Male,71215.69052736468,1390,1,3,3,7,High Fraud Risk
C00515,2025-11-15,2,298341.0,25.0,0,Elizabeth Martinez,36.0,Female,67982.72228704141,37,5,3,2,10,Regular
C00516,2024-10-17,4,652202.0,35.0,0,Linda Rodriguez,37.0,Female,38815.72956222096,431,3,5,4,12,VIP
C00517,2025-09-15,2,240788.0,35.0,0,Joseph Johnson,41.0,Female,42989.590915814,98,5,3,1,9,Regular
C00518,2025-09-29,5,709979.0,35.0,1,Michael Williams,42.0,Male,71766.34412969153,84,5,5,4,14,High Fraud Risk
C00519,2025-04-27,4,770215.0,32.5,1,Mary Wilson,53.0,Female,75183.10320605294,239,4,5,4,13,High Fraud Risk
C00520,2025-11-17,3,459064.0,25.0,0,Richard Brown,28.0,Female,72318.71213888528,35,5,5,3,13,High Value
C00521,2024-07-12,5,825894.0,33.0,1,Charles Smith,64.0,Female,48168.5722232834,528,2,5,5,12,High Fraud Risk
C00522,2025-05-28,3,676029.0,28.333333333333332,0,Nancy Martinez,27.0,Female,68892.05336440282,208,4,5,4,13,VIP
C00523,2025-11-24,4,709970.0,32.5,0,Sarah Anderson,52.0,Male,77315.10388340242,28,5,5,4,14,VIP
C00524,2025-07-09,5,372359.0,27.0,1,Robert Thomas,51.0,Female,48725.5089439205,166,4,5,2,11,High Fraud Risk
C00525,2025-07-08,3,763658.0,28.333333333333332,0,Elizabeth Anderson,37.0,Female,70851.2008717193,167,4,5,4,13,VIP
C00526,2025-02-09,5,686136.0,24.0,0,Sarah Wilson,40.0,Male,15000.0,316,3,5,4,12,VIP
C00527,2025-12-12,1,272187.0,25.0,1,Karen Hernandez,44.0,Male,46205.44451871653,10,5,1,2,8,High Fraud Risk
C00528,2025-09-27,4,689751.0,28.75,0,Elizabeth Jackson,53.0,Female,77068.31117560616,86,5,5,4,14,VIP
C00529,2024-06-22,2,452330.0,35.0,1,Elizabeth Rodriguez,23.0,Female,51587.09354469282,548,2,3,3,8,High Fraud Risk
C00530,2025-08-03,2,322566.0,30.0,1,Robert Lopez,33.0,Male,72965.60867687718,141,4,3,2,9,High Fraud Risk
C00531,2023-08-01,1,135927.0,25.0,0,Joseph Jackson,37.0,Male,66930.07763461431,874,1,1,1,3,Dormant
C00532,2024-12-19,1,170907.0,25.0,0,Nancy Johnson,38.0,Male,50410.14065201514,368,3,1,1,5,Regular
C00533,2022-04-05,1,277138.0,15.0,0,Karen Lopez,43.0,Male,84756.32623946923,1357,1,1,2,4,Dormant
C00534,2025-04-30,3,726270.0,35.0,0,Joseph Jackson,26.0,Male,33590.86773831447,236,4,5,4,13,VIP
C00535,2024-09-24,3,317871.0,38.333333333333336,0,Susan Williams,73.0,Male,63491.55625663678,454,2,5,2,9,At Risk
C00536,2024-11-27,3,690090.0,35.0,1,Nancy Martin,82.0,Female,49382.62454159358,390,3,5,4,12,High Fraud Risk
C00537,2025-12-01,5,1147790.0,35.0,0,John Martin,50.0,Male,69135.06438307567,21,5,5,5,15,VIP
C00538,2025-04-16,3,381529.0,31.666666666666668,0,Thomas Davis,41.0,Male,67142.25143023493,250,4,5,2,11,Regular
C00539,2024-08-05,3,821113.0,31.666666666666668,0,Jessica Moore,59.0,Female,70021.8833987969,504,2,5,5,12,VIP
C00540,2024-01-13,3,499574.0,26.666666666666668,1,Thomas Miller,40.0,Female,37869.48182516659,709,2,5,3,10,High Fraud Risk
C00541,2024-03-09,3,381926.0,26.666666666666668,1,William Jones,46.0,Male,44539.80432289067,653,2,5,2,9,High Fraud Risk
C00542,2025-03-19,4,260189.0,23.75,0,Richard Moore,32.0,Female,29703.05550628271,278,3,5,2,10,Regular
C00544,2023-11-25,2,92147.0,27.5,0,Richard Thomas,50.0,Female,53729.40627655204,758,2,3,1,6,At Risk
C00545,2025-12-21,4,750036.0,30.0,0,Linda Lopez,50.0,Male,68600.8329438214,1,5,5,4,14,VIP
C00546,2022-09-19,2,215589.0,22.5,0,John Brown,74.0,Male,44666.86824433304,1190,1,3,1,5,At Risk
C00547,2024-02-06,2,390908.0,35.0,0,Susan Williams,42.0,Female,49034.25407018798,685,2,3,2,7,At Risk
C00548,2024-02-09,4,445025.0,32.5,1,David Hernandez,42.0,Male,66030.94684667225,682,2,5,3,10,High Fraud Risk
C00549,2023-08-26,6,792397.0,29.166666666666668,0,Linda Miller,33.0,Female,23902.35798670962,849,1,5,4,10,High Value
C00550,2025-06-21,6,880849.0,28.333333333333332,1,David Smith,37.0,Female,80980.18451673779,184,4,5,5,14,High Fraud Risk
C00551,2024-12-03,3,679125.0,35.0,1,Karen Jackson,56.0,Male,25029.36053523638,384,3,5,4,12,High Fraud Risk
C00552,2024-09-29,2,412091.0,30.0,0,Robert Thomas,42.0,Male,57403.58600533148,449,2,3,3,8,At Risk
C00553,2024-09-30,5,930057.0,35.0,1,Nancy Wilson,67.0,Female,84375.23703394634,448,2,5,5,12,High Fraud Risk
C00554,2024-01-21,3,729949.0,38.333333333333336,0,Karen Rodriguez,46.0,Male,70288.77668117498,701,2,5,4,11,High Value
C00555,2025-09-04,7,1393163.0,29.285714285714285,0,Karen Jones,46.0,Female,71903.14050873827,109,4,5,5,14,VIP
C00556,2025-09-07,5,819718.0,32.0,0,Elizabeth Thomas,53.0,Female,92567.93246257077,106,5,5,5,15,VIP
C00558,2023-04-26,1,192410.0,25.0,0,Elizabeth Johnson,53.0,Female,61520.10782824823,971,1,1,1,3,Dormant
C00559,2023-10-17,2,494276.0,25.0,1,Richard Martin,35.0,Female,50257.49232470608,797,1,3,3,7,High Fraud Risk
C00560,2025-11-10,5,906060.0,33.0,1,Charles Miller,18.0,Male,58217.59920974423,42,5,5,5,15,High Fraud Risk
C00561,2022-12-18,1,110805.0,15.0,0,David Jackson,72.0,Female,84778.92705878874,1100,1,1,1,3,Dormant
C00562,2024-12-21,3,511849.0,30.0,0,Susan Anderson,79.0,Female,67866.35678788743,366,3,5,3,11,High Value
C00563,2025-10-05,5,526624.0,31.0,1,William Rodriguez,68.0,Female,43060.77303363344,78,5,5,3,13,High Fraud Risk
C00564,2023-07-10,2,273185.0,22.5,0,John Moore,36.0,Male,44433.90549195374,896,1,3,2,6,At Risk
C00565,2022-12-19,3,560546.0,23.333333333333332,1,Sarah Gonzalez,42.0,Female,87497.5283829637,1099,1,5,3,9,High Fraud Risk
C00567,2022-10-01,1,222932.0,25.0,0,Susan Davis,39.0,Male,51927.03073516006,1178,1,1,1,3,Dormant
C00568,2023-03-31,1,183656.0,25.0,0,William Miller,40.0,Female,91811.641452357,997,1,1,1,3,Dormant
C00569,2024-11-25,3,595892.0,31.666666666666668,1,William Hernandez,35.0,Female,50322.28331891357,392,3,5,4,12,High Fraud Risk
C00570,2025-01-24,5,593755.0,26.0,0,Sarah Johnson,48.0,Female,50425.02756673045,332,3,5,4,12,VIP
C00571,2025-08-18,4,850447.0,23.75,0,Mary Smith,54.0,Male,58888.3065817909,126,4,5,5,14,VIP
C00572,2022-06-16,1,156744.0,25.0,0,Robert Johnson,72.0,Male,82531.30059095514,1285,1,1,1,3,Dormant
C00573,2024-09-01,5,1139165.0,33.0,1,David Johnson,46.0,Male,79372.89981065778,477,2,5,5,12,High Fraud Risk
C00574,2023-10-09,4,471248.0,30.0,0,Susan Jackson,56.0,Male,65623.82847938752,805,1,5,3,9,High Value
C00575,2024-11-16,2,234743.0,27.5,0,Barbara Miller,43.0,Female,57565.04983233433,401,3,3,1,7,Regular
C00576,2025-02-08,3,588683.0,35.0,0,Richard Jones,67.0,Female,70778.20087369317,317,3,5,4,12,VIP
C00577,2023-12-30,4,852394.0,30.0,1,Robert Johnson,43.0,Male,80070.65795784048,723,2,5,5,12,High Fraud Risk
C00578,2025-05-07,2,57907.0,27.5,0,Robert Anderson,53.0,Female,41033.03991551598,229,4,3,1,8,Regular
C00580,2025-10-31,4,655046.0,35.0,0,William Martin,65.0,Male,78492.67365825537,52,5,5,4,14,VIP
C00581,2024-11-05,3,373416.0,26.666666666666668,1,David Gonzalez,68.0,Male,49542.79945693463,412,3,5,2,10,High Fraud Risk
C00582,2023-02-18,1,242423.0,15.0,0,Linda Lopez,69.0,Male,62087.11875046426,1038,1,1,1,3,Dormant
C00583,2025-12-14,2,572957.0,35.0,1,Joseph Jackson,30.0,Female,46460.09723082937,8,5,3,3,11,High Fraud Risk
C00584,2025-09-21,6,1161042.0,33.333333333333336,1,Linda Williams,62.0,Female,43586.35363296579,92,5,5,5,15,High Fraud Risk
C00585,2025-07-30,3,597390.0,31.666666666666668,0,Sarah Jackson,47.0,Female,56950.60327238913,145,4,5,4,13,VIP
C00586,2025-06-09,4,491250.0,35.0,1,Charles Lopez,53.0,Female,55956.14695132212,196,4,5,3,12,High Fraud Risk
C00587,2025-10-07,6,1163789.0,29.166666666666668,0,Richard Martin,48.0,Female,66928.96418993952,76,5,5,5,15,VIP
C00588,2023-03-20,1,219240.0,15.0,0,Christopher Taylor,47.0,Male,70035.6547233509,1008,1,1,1,3,Dormant
C00589,2022-05-18,1,262249.0,25.0,0,Elizabeth Smith,53.0,Male,63996.20867437427,1314,1,1,2,4,Dormant
C00590,2025-12-04,2,340555.0,22.5,0,David Lopez,29.0,Female,44644.04869791743,18,5,3,2,10,Regular
C00591,2024-07-27,2,184436.0,25.0,1,Elizabeth Moore,57.0,Female,35583.12700057955,513,2,3,1,6,High Fraud Risk
C00592,2025-10-15,3,383391.0,28.333333333333332,0,Nancy Thomas,68.0,Female,58684.99477854025,68,5,5,2,12,Regular
C00593,2023-07-28,3,680620.0,31.666666666666668,1,Jane Williams,68.0,Female,95917.55346191044,878,1,5,4,10,High Fraud Risk
C00594,2025-02-05,5,631309.0,25.0,1,Karen Martin,30.0,Female,55507.33700005951,320,3,5,4,12,High Fraud Risk
C00595,2025-03-02,1,347856.0,25.0,1,Susan Brown,44.0,Female,31896.2030639285,295,3,1,2,6,High Fraud Risk
C00597,2025-12-18,3,522470.0,23.333333333333332,0,William Gonzalez,39.0,Male,41551.79631002995,4,5,5,3,13,High Value
C00598,2023-09-21,1,327447.0,35.0,0,Charles Thomas,24.0,Female,41626.96107031604,823,1,1,2,4,Dormant
C00599,2024-10-15,2,340082.0,35.0,0,Thomas Wilson,74.0,Male,49380.58204376071,433,3,3,2,8,Regular
C00600,2023-08-17,2,398953.0,40.0,1,Linda Martinez,23.0,Male,31850.7245124689,858,1,3,3,7,High Fraud Risk
C00601,2023-05-02,1,19618.0,0.0,0,Sarah Gonzalez,75.0,Female,95106.81684886408,965,1,1,1,3,Dormant
C00602,2024-01-11,2,333358.0,30.0,1,Mary Davis,41.0,Female,46360.31504004403,711,2,3,2,7,High Fraud Risk
C00603,2024-01-23,3,423412.0,28.333333333333332,0,Karen Rodriguez,25.0,Male,34098.42455872768,699,2,5,3,10,High Value
C00604,2025-01-15,3,657501.0,31.666666666666668,1,Michael Jones,52.0,Male,32013.87650396117,341,3,5,4,12,High Fraud Risk
C00605,2024-09-30,6,1024267.0,31.666666666666668,1,Thomas Wilson,34.0,Female,64329.1717916395,448,2,5,5,12,High Fraud Risk
C00606,2025-11-12,4,961508.0,30.0,0,Richard Gonzalez,38.0,Female,73726.36913913401,40,5,5,5,15,VIP
C00607,2024-11-02,1,255172.0,25.0,1,Barbara Martinez,47.0,Female,60060.92040306829,415,3,1,2,6,High Fraud Risk
C00608,2024-11-27,4,651591.0,25.0,1,Elizabeth Martin,48.0,Female,60251.8480156359,390,3,5,4,12,High Fraud Risk
C00609,2023-11-21,5,903161.0,35.0,1,John Smith,20.0,Male,63694.81157791449,762,1,5,5,11,High Fraud Risk
C00610,2024-04-02,3,507148.0,35.0,0,Susan Martin,56.0,Male,34914.21153661501,629,2,5,3,10,High Value
C00611,2024-06-02,2,359352.0,30.0,0,Barbara Johnson,57.0,Male,64156.05014706627,568,2,3,2,7,At Risk
C00612,2025-01-13,3,559465.0,28.333333333333332,0,Jessica Taylor,35.0,Female,71411.97337186319,343,3,5,3,11,High Value
C00613,2025-10-15,2,105405.0,32.5,0,Nancy Wilson,34.0,Male,77898.48753888882,68,5,3,1,9,Regular
C00614,2025-02-23,5,841754.0,30.0,1,Jessica Brown,76.0,Male,20958.24400954996,302,3,5,5,13,High Fraud Risk
C00615,2025-05-29,2,534706.0,35.0,0,Richard Brown,22.0,Female,45603.11583210582,207,4,3,3,10,High Value
C00616,2024-12-24,4,775865.0,30.0,1,Christopher Davis,79.0,Male,22654.69614816504,363,3,5,4,12,High Fraud Risk
C00617,2024-07-24,1,338537.0,15.0,0,Linda Miller,39.0,Male,62867.76934684502,516,2,1,2,5,Dormant
C00618,2025-11-17,3,566831.0,28.333333333333332,1,Charles Rodriguez,64.0,Female,63951.99209384799,35,5,5,3,13,High Fraud Risk
C00619,2025-11-14,1,114374.0,25.0,1,Barbara Wilson,38.0,Female,54098.20171524187,38,5,1,1,7,High Fraud Risk
C00620,2025-01-29,2,284978.0,25.0,0,Nancy Gonzalez,54.0,Male,26769.59875462081,327,3,3,2,8,Regular
C00621,2024-07-13,3,704078.0,31.666666666666668,0,Christopher Jackson,48.0,Male,48718.42738526543,527,2,5,4,11,High Value
C00622,2025-12-18,3,632448.0,31.666666666666668,1,David Smith,50.0,Male,17999.46984696752,4,5,5,4,14,High Fraud Risk
C00623,2025-10-31,4,653240.0,28.75,1,Robert Johnson,25.0,Male,63937.22471738247,52,5,5,4,14,High Fraud Risk
C00624,2025-02-02,3,565870.0,26.666666666666668,0,Nancy Moore,54.0,Male,101149.909394234,323,3,5,3,11,High Value
C00625,2024-03-19,4,230316.0,27.5,0,Nancy Martin,46.0,Male,34340.15551622861,643,2,5,1,8,At Risk
C00626,2025-12-19,5,754524.0,28.0,1,Thomas Moore,48.0,Female,44960.61336522362,3,5,5,4,14,High Fraud Risk
C00627,2024-09-15,3,325288.0,25.0,0,Charles Anderson,35.0,Female,49380.06089996365,463,2,5,2,9,At Risk
C00628,2025-07-15,1,323156.0,25.0,0,John Brown,34.0,Female,72233.52577681736,160,4,1,2,7,Regular
C00629,2025-02-20,2,441584.0,30.0,0,Linda Thomas,37.0,Female,57044.39362365057,305,3,3,3,9,High Value
C00630,2025-10-16,5,682403.0,34.0,1,Susan Smith,50.0,Female,47920.29626568359,67,5,5,4,14,High Fraud Risk
C00631,2023-12-12,2,681027.0,25.0,1,Richard Moore,41.0,Male,74280.00988184183,741,2,3,4,9,High Fraud Risk
C00632,2025-06-22,4,770219.0,32.5,1,Michael Wilson,53.0,Male,103809.1125161996,183,4,5,4,13,High Fraud Risk
C00633,2025-09-23,1,35888.0,10.0,0,William Thomas,36.0,Male,15000.0,90,5,1,1,7,Regular
C00634,2024-01-03,4,503462.0,28.75,1,David Anderson,24.0,Female,41243.49920169754,719,2,5,3,10,High Fraud Risk
C00636,2022-04-28,1,195855.0,25.0,1,Richard Lopez,34.0,Female,80798.09374792152,1334,1,1,1,3,High Fraud Risk
C00637,2025-06-13,2,261722.0,35.0,0,Karen Anderson,46.0,Male,20248.62170798214,192,4,3,2,9,Regular
C00638,2025-09-01,6,1514776.0,33.333333333333336,0,Jane Lopez,52.0,Male,137054.6298130944,112,4,5,5,14,VIP
C00639,2024-11-23,4,845608.0,37.5,1,Charles Lopez,48.0,Female,78651.8166374618,394,3,5,5,13,High Fraud Risk
C00640,2024-08-08,4,557804.0,35.0,1,Jessica Anderson,18.0,Male,76438.05008750448,501,2,5,3,10,High Fraud Risk
C00641,2025-05-30,5,627859.0,30.0,0,Mary Wilson,45.0,Female,38445.10444141387,206,4,5,4,13,VIP
C00642,2025-10-04,7,1440346.0,27.142857142857142,1,Mary Lopez,34.0,Female,64279.59821468444,79,5,5,5,15,High Fraud Risk
C00643,2023-12-06,2,259170.0,22.5,1,Thomas Johnson,58.0,Male,87112.75717609902,747,2,3,2,7,High Fraud Risk
C00645,2024-12-24,1,317644.0,25.0,0,Jane Williams,28.0,Female,52258.00595051198,363,3,1,2,6,Regular
C00646,2025-12-04,5,798084.0,30.0,0,John Rodriguez,30.0,Female,81072.8359321568,18,5,5,4,14,VIP
C00647,2024-11-08,5,567009.0,30.0,1,William Martinez,45.0,Female,85569.03725214598,409,3,5,3,11,High Fraud Risk
C00648,2025-04-01,2,415586.0,35.0,1,Jane Davis,45.0,Female,43380.99767177925,265,3,3,3,9,High Fraud Risk
C00650,2022-07-21,1,45804.0,10.0,0,Barbara Anderson,52.0,Female,35246.75155345404,1250,1,1,1,3,Dormant
C00651,2024-11-02,3,288039.0,28.333333333333332,1,Sarah Lopez,61.0,Female,69493.96465759905,415,3,5,2,10,High Fraud Risk
C00652,2022-11-27,1,115869.0,25.0,0,Karen Taylor,37.0,Male,77487.78361425456,1121,1,1,1,3,Dormant
C00654,2025-12-04,4,1156708.0,35.0,1,Karen Jackson,38.0,Male,53816.55753062721,18,5,5,5,15,High Fraud Risk
C00655,2024-02-16,3,566201.0,35.0,0,John Hernandez,34.0,Female,46741.98164898103,675,2,5,3,10,High Value
C00656,2025-06-29,3,898341.0,31.666666666666668,1,Charles Martin,50.0,Male,24739.19689274532,176,4,5,5,14,High Fraud Risk
C00657,2022-09-03,3,426970.0,20.0,1,Charles Thomas,25.0,Female,32057.63629774018,1206,1,5,3,9,High Fraud Risk
C00658,2022-03-27,1,303858.0,15.0,0,Sarah Smith,40.0,Male,65746.57808806018,1366,1,1,2,4,Dormant
C00659,2025-09-07,3,394185.0,28.333333333333332,0,William Martin,30.0,Male,81719.64232350065,106,5,5,2,12,Regular
C00660,2024-09-19,3,342703.0,31.666666666666668,1,Thomas Jackson,25.0,Male,77449.14656560289,459,2,5,2,9,High Fraud Risk
C00661,2025-05-06,3,388052.0,28.333333333333332,1,Christopher Martinez,72.0,Female,69476.65841823575,230,4,5,2,11,High Fraud Risk
C00663,2024-02-23,1,162084.0,15.0,0,Michael Jackson,40.0,Female,68483.31892803832,668,2,1,1,4,Dormant
C00664,2024-10-30,3,272804.0,28.333333333333332,0,Jane Moore,28.0,Female,55701.57939422529,418,3,5,2,10,Regular
C00665,2025-11-20,4,722914.0,32.5,1,Joseph Wilson,23.0,Male,90026.67303910974,32,5,5,4,14,High Fraud Risk
C00666,2025-12-10,7,1415378.0,33.57142857142857,0,Barbara Wilson,34.0,Female,64645.07394322007,12,5,5,5,15,VIP
C00667,2023-11-05,4,455425.0,32.5,0,Nancy Johnson,28.0,Female,81063.05706665808,778,1,5,3,9,High Value
C00668,2025-08-26,3,587900.0,28.333333333333332,0,Thomas Smith,50.0,Male,72943.91879405481,118,4,5,4,13,VIP
C00669,2025-05-09,2,235709.0,25.0,1,Susan Thomas,43.0,Female,86515.9329508438,227,4,3,1,8,High Fraud Risk
C00670,2022-12-28,2,34360.0,15.0,1,Barbara Rodriguez,72.0,Female,55639.08209215252,1090,1,3,1,5,High Fraud Risk
C00671,2025-07-25,3,475454.0,28.333333333333332,1,Michael Williams,32.0,Female,101847.7455137092,150,4,5,3,12,High Fraud Risk
C00672,2022-01-22,1,304500.0,25.0,0,Charles Brown,34.0,Male,83434.35829432319,1430,1,1,2,4,Dormant
C00674,2023-07-28,1,72813.0,25.0,0,Thomas Lopez,43.0,Male,40889.19118799148,878,1,1,1,3,Dormant
C00675,2024-11-30,4,677757.0,32.5,0,William Smith,55.0,Male,51975.59056228327,387,3,5,4,12,VIP
C00676,2023-09-19,4,548732.0,28.75,1,Nancy Williams,36.0,Male,46567.53264123897,825,1,5,3,9,High Fraud Risk
C00677,2024-08-31,3,610857.0,31.666666666666668,0,Michael Thomas,73.0,Female,81600.96131429297,478,2,5,4,11,High Value
C00678,2025-09-22,4,1071578.0,35.0,0,Christopher Moore,57.0,Male,87124.80057141646,91,5,5,5,15,VIP
C00679,2023-08-10,1,278141.0,25.0,0,John Lopez,51.0,Male,83944.93847290456,865,1,1,2,4,Dormant
C00680,2025-01-01,3,614196.0,35.0,0,Robert Garcia,47.0,Male,47995.66245682411,355,3,5,4,12,VIP
C00681,2022-09-29,1,323744.0,25.0,1,Michael Lopez,43.0,Female,56623.56553619979,1180,1,1,2,4,High Fraud Risk
C00682,2024-12-09,4,704892.0,37.5,1,Karen Brown,49.0,Female,37490.21905403247,378,3,5,4,12,High Fraud Risk
C00683,2023-03-14,2,236973.0,22.5,1,Christopher Jackson,46.0,Female,42774.31597343473,1014,1,3,1,5,High Fraud Risk
C00684,2025-05-12,3,905436.0,35.0,1,Karen Jones,31.0,Female,69838.38343013011,224,4,5,5,14,High Fraud Risk
C00685,2024-03-27,2,642828.0,35.0,0,Jessica Thomas,31.0,Male,63074.50211891056,635,2,3,4,9,High Value
C00687,2025-04-04,4,686017.0,40.0,1,David Jones,23.0,Female,59758.22104307891,262,3,5,4,12,High Fraud Risk
C00688,2025-06-25,4,353734.0,25.0,0,John Moore,64.0,Female,60420.07683265518,180,4,5,2,11,Regular
C00689,2024-10-13,3,733218.0,35.0,1,Karen Taylor,65.0,Female,72974.19775179285,435,2,5,4,11,High Fraud Risk
C00690,2025-07-05,4,912531.0,35.0,1,Karen Taylor,49.0,Male,52298.35439167367,170,4,5,5,14,High Fraud Risk
C00691,2025-07-26,4,588612.0,28.75,1,William Davis,53.0,Female,50501.92686754951,149,4,5,4,13,High Fraud Risk
C00692,2023-05-02,2,297228.0,35.0,0,Jessica Wilson,49.0,Male,65206.43677542442,965,1,3,2,6,At Risk
C00693,2023-10-01,2,448599.0,25.0,0,Karen Anderson,50.0,Male,57935.56494135007,813,1,3,3,7,At Risk
C00695,2025-12-17,3,104992.0,33.333333333333336,0,Thomas Martinez,30.0,Male,112647.6412967478,5,5,5,1,11,Regular
C00696,2024-08-24,3,460459.0,26.666666666666668,0,Elizabeth Martin,84.0,Male,29940.59343209694,485,2,5,3,10,High Value
C00697,2024-05-05,2,103566.0,25.0,0,Joseph Lopez,56.0,Male,41556.69351644749,596,2,3,1,6,At Risk
C00698,2025-01-30,2,252853.0,30.0,1,Sarah Williams,53.0,Male,52587.71335827788,326,3,3,1,7,High Fraud Risk
C00699,2025-08-22,3,583080.0,28.333333333333332,0,Charles Anderson,32.0,Male,53572.28316694013,122,4,5,4,13,VIP
C00700,2025-02-26,4,472262.0,25.0,0,Joseph Smith,41.0,Male,89814.52273699903,299,3,5,3,11,High Value
